phase,scenario,model,trial,metric,value,median,p25,p75,lower_fence,upper_fence,ratio_to_median,classification
calibration,calibration-c1,Revon-M (forced Merkle),1,initial_import_ms,363.9829,198.7794,162.86245000000002,211.5453,89.83817500000006,284.569575,1.8310896400733676,timing variability candidate; retained in summary
calibration,calibration-c1,Revon-M (forced Merkle),7,diff_ms,0.2375,0.1946,0.18705,0.2064,0.15802499999999997,0.235425,1.2204522096608428,timing variability candidate; retained in summary
calibration,calibration-c1,Revon-log calibration,4,initial_import_ms,245.3641,162.9417,159.18005,176.99955,132.4508,203.7288,1.5058398187818098,timing variability candidate; retained in summary
calibration,calibration-c1,Revon-log calibration,4,incremental_commit_ms,13.6659,9.384350000000001,9.12475,10.78035,6.641350000000001,13.26375,1.4562436396766956,timing variability candidate; retained in summary
calibration,calibration-c1,Revon-log calibration,5,diff_ms,0.2353,0.1347,0.12235,0.1507,0.07982500000000001,0.193225,1.7468448403860433,timing variability candidate; retained in summary
calibration,calibration-c1,Revon-log calibration,5,checkout_ms,13.8037,11.0145,10.61045,11.70015,8.9759,13.334700000000002,1.2532298334014254,timing variability candidate; retained in summary
calibration,calibration-c1024,Revon-M (forced Merkle),5,storage_bytes,6057984.0,6029312.0,6025216.0,6033408.0,6012928.0,6045696.0,1.0047554347826086,non-timing variability candidate; retained and reviewed
calibration,calibration-c1024,Revon-M (forced Merkle),5,storage_bytes_per_logical_payload_byte,13.462186666666666,13.39847111111111,13.389368888888889,13.407573333333334,13.362062222222221,13.43488,1.0047554347826086,non-timing variability candidate; retained and reviewed
calibration,calibration-c1024,Revon-M (forced Merkle),5,storage_bytes_minus_logical_payload_bytes,5607984.0,5579312.0,5575216.0,5583408.0,5562928.0,5595696.0,1.0051389848784222,non-timing variability candidate; retained and reviewed
calibration,calibration-c1024,Revon-log calibration,1,diff_ms,32.8968,21.3631,19.076050000000002,24.51315,10.920400000000006,32.6688,1.5398888738057679,timing variability candidate; retained in summary
calibration,calibration-c16,Revon-M (forced Merkle),2,checkout_ms,24.029,14.9911,13.345749999999999,17.2958,7.4206749999999975,23.220875,1.6028843780643183,timing variability candidate; retained in summary
calibration,calibration-c16,Revon-log calibration,1,checkout_ms,22.3819,13.3936,12.523299999999999,14.73085,9.211974999999997,18.042175,1.6710891769203204,timing variability candidate; retained in summary
calibration,calibration-c256,Revon-M (forced Merkle),7,checkout_ms,17.135,12.0411,11.5155,12.956900000000001,9.353399999999997,15.119000000000003,1.4230427452641372,timing variability candidate; retained in summary
calibration,calibration-c256,Revon-log calibration,1,incremental_commit_ms,89.72865,61.535199999999996,58.016,70.11785,39.863224999999986,88.27062500000001,1.458167845395806,timing variability candidate; retained in summary
calibration,calibration-c256,Revon-log calibration,7,diff_ms,11.9696,6.3214,6.1488499999999995,7.31185,4.404349999999999,9.05635,1.8935046034106369,timing variability candidate; retained in summary
calibration,calibration-c256,Revon-log calibration,4,process_tree_peak_rss_bytes,46727168.0,47267840.0,47245312.0,47474688.0,46901248.0,47818752.0,0.9885615251299826,non-timing variability candidate; retained and reviewed
calibration,calibration-c4,Revon-M (forced Merkle),5,initial_import_ms,437.9009,171.7166,163.1495,215.83335,84.12372499999998,294.859125,2.5501372610452337,timing variability candidate; retained in summary
calibration,calibration-c4,Revon-M (forced Merkle),4,incremental_commit_ms,21.01365,12.51355,11.819825000000002,13.775175,8.886800000000003,16.708199999999998,1.6792716695102508,timing variability candidate; retained in summary
calibration,calibration-c4,Revon-M (forced Merkle),4,checkout_ms,28.7974,12.5523,10.428,14.5347,4.267950000000001,20.69475,2.294193096085976,timing variability candidate; retained in summary
calibration,calibration-c4,Revon-M (forced Merkle),7,process_tree_peak_rss_bytes,44449792.0,45273088.0,45033472.0,45291520.0,44646400.0,45678592.0,0.9818148918845563,non-timing variability candidate; retained and reviewed
calibration,calibration-c64,Revon-M (forced Merkle),4,incremental_commit_ms,26.34845,31.27115,29.526,31.626575000000003,26.375137499999994,34.777437500000005,0.8425801417600568,timing variability candidate; retained in summary
calibration,calibration-c64,Revon-M (forced Merkle),7,incremental_commit_ms,37.2193,31.27115,29.526,31.626575000000003,26.375137499999994,34.777437500000005,1.1902120644747634,timing variability candidate; retained in summary
calibration,calibration-c64,Revon-M (forced Merkle),7,diff_ms,5.0725,3.0853,2.8231,3.5912,1.6709500000000002,4.74335,1.6440864745729749,timing variability candidate; retained in summary
calibration,calibration-c64,Revon-log calibration,7,initial_import_ms,401.5637,177.3504,175.2476,229.62935000000002,93.67497499999999,311.20197500000006,2.2642390431597557,timing variability candidate; retained in summary
evaluation,large-application-key-local,Dolt,5,initial_import_ms,2119.4221,1870.5086,1861.497,1949.20675,1729.932375,2080.7713750000003,1.1330726306203565,timing variability candidate; retained in summary
evaluation,large-application-key-local,Dolt,7,incremental_commit_ms,881.04075,821.18585,807.2748750000001,831.412075,771.0690750000002,867.6178749999998,1.072888372345919,timing variability candidate; retained in summary
evaluation,large-application-key-local,Dolt,5,diff_ms,472.7049,289.8708,280.2568,323.7763,214.97755,389.05555,1.6307434208619842,timing variability candidate; retained in summary
evaluation,large-application-key-local,Dolt,4,storage_bytes,5584748.0,5585229.0,5585144.5,5585388.5,5584778.5,5585754.5,0.9999138799859415,non-timing variability candidate; retained and reviewed
evaluation,large-application-key-local,Dolt,4,storage_bytes_per_logical_payload_byte,1.2410551111111112,1.241162,1.2411432222222223,1.2411974444444445,1.241061888888889,1.2412787777777776,0.9999138799859415,non-timing variability candidate; retained and reviewed
evaluation,large-application-key-local,Dolt,4,storage_bytes_minus_logical_payload_bytes,1084748.0,1085229.0,1085144.5,1085388.5,1084778.5,1085754.5,0.9995567755745561,non-timing variability candidate; retained and reviewed
evaluation,large-application-key-local,Dolt (bulk import),4,checkout_ms,853.3689,708.8731,690.5187000000001,751.1481,599.5746000000001,842.0921999999998,1.203838740671638,timing variability candidate; retained in summary
evaluation,large-application-key-local,Dolt (bulk import),6,storage_bytes,5024356.0,5023970.0,5023773.5,5023998.5,5023436.0,5024336.0,1.000076831668979,non-timing variability candidate; retained and reviewed
evaluation,large-application-key-local,Dolt (bulk import),6,storage_bytes_per_logical_payload_byte,1.1165235555555555,1.1164377777777779,1.116394111111111,1.1164441111111112,1.1163191111111108,1.1165191111111112,1.0000768316689788,non-timing variability candidate; retained and reviewed
evaluation,large-application-key-local,Dolt (bulk import),6,storage_bytes_minus_logical_payload_bytes,524356.0,523970.0,523773.5,523998.5,523436.0,524336.0,1.0007366833979046,non-timing variability candidate; retained and reviewed
evaluation,large-application-key-local,Log-only,1,initial_import_ms,66.3797,59.4149,58.2687,59.5861,56.29260000000001,61.562200000000004,1.1172231207996646,timing variability candidate; retained in summary
evaluation,large-application-key-local,Revon-H,4,incremental_commit_ms,81.12175,89.6517,88.9351,92.30817499999999,83.87548750000002,97.36778749999996,0.9048545649441115,timing variability candidate; retained in summary
evaluation,large-application-key-local,Revon-H,5,incremental_commit_ms,100.3815,89.6517,88.9351,92.30817499999999,83.87548750000002,97.36778749999996,1.119683173882927,timing variability candidate; retained in summary
evaluation,large-application-key-local,Revon-H,4,checkout_ms,170.4387,225.3073,216.03755,239.1994,181.29477500000002,273.94217499999996,0.7564721604670599,timing variability candidate; retained in summary
evaluation,large-application-key-local,Revon-M (forced Merkle),6,diff_ms,66.4996,54.4031,47.2913,54.6795,36.209,65.7618,1.2223494617034691,timing variability candidate; retained in summary
evaluation,large-hash-route-local,Dolt,6,checkout_ms,641.8598,730.914,717.60635,753.3216500000001,664.0333999999999,806.8946000000002,0.8781604949419494,timing variability candidate; retained in summary
evaluation,large-hash-route-local,Dolt,7,checkout_ms,811.0973,730.914,717.60635,753.3216500000001,664.0333999999999,806.8946000000002,1.1097027830907604,timing variability candidate; retained in summary
evaluation,large-hash-route-local,Dolt,4,process_tree_peak_rss_bytes,265019392.0,243859456.0,240093184.0,246151168.0,231006208.0,255238144.0,1.0867710292932007,non-timing variability candidate; retained and reviewed
evaluation,large-hash-route-local,Dolt (bulk import),4,diff_ms,238.632,280.6516,274.4753,296.22159999999997,241.85585000000006,328.8410499999999,0.8502784234973185,timing variability candidate; retained in summary
evaluation,large-hash-route-local,Log-only,1,initial_import_ms,113.2096,57.6733,54.624300000000005,61.4226,44.42685000000001,71.62004999999999,1.9629464587599461,timing variability candidate; retained in summary
evaluation,large-hash-route-local,Log-only,6,diff_ms,26.1461,17.5366,15.7007,19.41255,10.132925,24.980325,1.4909446528973689,timing variability candidate; retained in summary
evaluation,large-hash-route-local,Revon-H,3,diff_ms,1.881,2.6203,2.5887000000000002,2.91115,2.1050250000000004,3.394825,0.7178567339617602,timing variability candidate; retained in summary
evaluation,large-hash-route-local,Revon-M (forced Merkle),3,storage_bytes,30695424.0,30707712.0,30703616.0,30707712.0,30697472.0,30713856.0,0.9995998399359743,non-timing variability candidate; retained and reviewed
evaluation,large-hash-route-local,Revon-M (forced Merkle),5,process_tree_peak_rss_bytes,185470976.0,181129216.0,179113984.0,181299200.0,175836160.0,184577024.0,1.0239705117478122,non-timing variability candidate; retained and reviewed
evaluation,large-hash-route-local,Revon-M (forced Merkle),3,storage_bytes_per_logical_payload_byte,6.821205333333333,6.823936,6.823025777777778,6.823936,6.821660444444444,6.825301333333333,0.9995998399359745,non-timing variability candidate; retained and reviewed
evaluation,large-hash-route-local,Revon-M (forced Merkle),3,storage_bytes_minus_logical_payload_bytes,26195424.0,26207712.0,26203616.0,26207712.0,26197472.0,26213856.0,0.9995311303787221,non-timing variability candidate; retained and reviewed
evaluation,large-hash-route-local,Snapshot,6,process_tree_peak_rss_bytes,156319744.0,157642752.0,157550592.0,157743104.0,157261824.0,158031872.0,0.9916075557980617,non-timing variability candidate; retained and reviewed
evaluation,large-range-local,Dolt,1,initial_import_ms,1681.0556,1853.9964,1813.2326,1898.59515,1685.188775,2026.6389750000003,0.9067199914735541,timing variability candidate; retained in summary
evaluation,large-range-local,Dolt,3,initial_import_ms,2543.2567,1853.9964,1813.2326,1898.59515,1685.188775,2026.6389750000003,1.3717700314844192,timing variability candidate; retained in summary
evaluation,large-range-local,Dolt,3,incremental_commit_ms,906.9577,781.53835,769.260075,811.5438750000001,705.8343749999999,874.9695750000001,1.1604775376665777,timing variability candidate; retained in summary
evaluation,large-range-local,Dolt,5,process_tree_peak_rss_bytes,252952576.0,242057216.0,241702912.0,245055488.0,236674048.0,250084352.0,1.045011506700961,non-timing variability candidate; retained and reviewed
evaluation,large-range-local,Log-only,7,checkout_ms,151.5128,116.2111,113.43029999999999,126.38400000000001,93.99974999999995,145.81455000000005,1.3037721869941856,timing variability candidate; retained in summary
evaluation,large-range-local,Revon-H,3,initial_import_ms,1345.4854,1093.5957,1039.5058,1141.6774500000001,886.2483249999996,1294.9349250000005,1.2303316481584556,timing variability candidate; retained in summary
evaluation,large-range-local,Revon-H,3,incremental_commit_ms,155.05734999999999,113.04905,95.46327500000001,118.571,60.80168750000003,153.23258749999997,1.3715935693400343,timing variability candidate; retained in summary
evaluation,large-range-local,Revon-H,6,diff_ms,20.9198,41.3589,35.2145,43.256600000000006,23.151349999999994,55.31975000000001,0.5058113247692758,timing variability candidate; retained in summary
evaluation,large-range-local,Revon-M (forced Merkle),5,checkout_ms,290.6755,208.6897,204.53224999999998,234.36185,159.78784999999993,279.10625000000005,1.392859829689726,timing variability candidate; retained in summary
evaluation,large-range-local,Snapshot,5,incremental_commit_ms,46.3758,58.3275,55.805725,60.293875,49.07350000000001,67.0261,0.7950932236080751,timing variability candidate; retained in summary
evaluation,large-range-local,Snapshot,7,process_tree_peak_rss_bytes,151527424.0,158187520.0,155887616.0,158240768.0,152357888.0,161770496.0,0.9578974624546867,non-timing variability candidate; retained and reviewed
evaluation,large-repeated-key,Dolt,6,diff_ms,342.6946,293.7158,277.49355,300.5897,242.84932500000008,335.23392499999994,1.1667557550530137,timing variability candidate; retained in summary
evaluation,large-repeated-key,Dolt,5,process_tree_peak_rss_bytes,237244416.0,239583232.0,239206400.0,239962112.0,238072832.0,241095680.0,0.9902379812623948,non-timing variability candidate; retained and reviewed
evaluation,large-repeated-key,Dolt,7,process_tree_peak_rss_bytes,245297152.0,239583232.0,239206400.0,239962112.0,238072832.0,241095680.0,1.0238494153046571,non-timing variability candidate; retained and reviewed
evaluation,large-repeated-key,Dolt (bulk import),3,checkout_ms,943.3034,741.9903,723.1809499999999,750.7787000000001,681.7843249999997,792.1753250000003,1.2713150023659339,timing variability candidate; retained in summary
evaluation,large-repeated-key,Revon-H,4,storage_bytes,36184064.0,36151296.0,36147200.0,36159488.0,36128768.0,36177920.0,1.0009064128710627,non-timing variability candidate; retained and reviewed
evaluation,large-repeated-key,Revon-H,4,storage_bytes_per_logical_payload_byte,8.040903111111112,8.033621333333333,8.03271111111111,8.035441777777777,8.028615111111112,8.039537777777777,1.000906412871063,non-timing variability candidate; retained and reviewed
evaluation,large-repeated-key,Revon-H,4,storage_bytes_minus_logical_payload_bytes,31684064.0,31651296.0,31647200.0,31659488.0,31628768.0,31677920.0,1.0010352814620924,non-timing variability candidate; retained and reviewed
evaluation,large-repeated-key,Revon-M (forced Merkle),6,incremental_commit_ms,174.3006,99.2405,94.5629,103.15972500000001,81.66766249999998,116.05496250000002,1.7563454436444799,timing variability candidate; retained in summary
evaluation,large-repeated-key,Snapshot,3,checkout_ms,134.7995,113.4392,107.05015,116.27905000000001,93.20679999999999,130.12240000000003,1.1882973434227322,timing variability candidate; retained in summary
evaluation,large-sparse,Dolt,1,diff_ms,687.4066,483.0822,424.04195000000004,513.3235,290.11962500000016,647.2458249999999,1.4229599020622163,timing variability candidate; retained in summary
evaluation,large-sparse,Dolt (bulk import),1,initial_import_ms,3335.9123,2080.0871,1843.156,2385.9383,1028.9825500000002,3200.1117499999996,1.6037368339046956,timing variability candidate; retained in summary
evaluation,large-sparse,Dolt (bulk import),1,checkout_ms,1798.0957,977.3363,831.6928,1102.4562,425.54769999999996,1508.6013000000003,1.839792198447965,timing variability candidate; retained in summary
evaluation,large-sparse,Dolt (bulk import),7,storage_bytes,8231854.0,8232569.0,8232447.0,8232706.0,8232058.5,8233094.5,0.9999131498320877,non-timing variability candidate; retained and reviewed
evaluation,large-sparse,Dolt (bulk import),7,storage_bytes_per_logical_payload_byte,1.8293008888888889,1.8294597777777777,1.8294326666666665,1.8294902222222222,1.8293463333333329,1.8295765555555559,0.9999131498320877,non-timing variability candidate; retained and reviewed
evaluation,large-sparse,Dolt (bulk import),7,storage_bytes_minus_logical_payload_bytes,3731854.0,3732569.0,3732447.0,3732706.0,3732058.5,3733094.5,0.9998084429249667,non-timing variability candidate; retained and reviewed
evaluation,large-sparse,Log-only,1,diff_ms,50.008,30.1321,27.8693,35.2469,16.8029,46.31329999999999,1.6596254492717069,timing variability candidate; retained in summary
evaluation,large-sparse,Revon-H,1,checkout_ms,597.8343,280.6876,215.99695,281.8677,117.19082499999998,380.673825,2.129892093558818,timing variability candidate; retained in summary
evaluation,large-sparse,Revon-H,1,storage_bytes,36134912.0,36089856.0,36085760.0,36100096.0,36064256.0,36121600.0,1.0012484394506866,non-timing variability candidate; retained and reviewed
evaluation,large-sparse,Revon-H,2,process_tree_peak_rss_bytes,176709632.0,185233408.0,185055232.0,187285504.0,181709824.0,190630912.0,0.9539835924197864,non-timing variability candidate; retained and reviewed
evaluation,large-sparse,Revon-H,1,storage_bytes_per_logical_payload_byte,8.029980444444444,8.019968,8.019057777777778,8.022243555555555,8.014279111111113,8.02702222222222,1.0012484394506866,non-timing variability candidate; retained and reviewed
evaluation,large-sparse,Revon-H,1,storage_bytes_minus_logical_payload_bytes,31634912.0,31589856.0,31585760.0,31600096.0,31564256.0,31621600.0,1.0014262806389493,non-timing variability candidate; retained and reviewed
evaluation,medium-dense,Dolt,7,incremental_commit_ms,1407.7717,895.09285,857.567975,1005.987575,634.9385750000001,1228.616975,1.5727661102420827,timing variability candidate; retained in summary
evaluation,medium-dense,Dolt,2,diff_ms,719.4487,488.4225,483.95955000000004,515.6990000000001,436.350375,563.3081750000001,1.473004826763714,timing variability candidate; retained in summary
evaluation,medium-dense,Dolt,5,diff_ms,427.8091,488.4225,483.95955000000004,515.6990000000001,436.350375,563.3081750000001,0.8758996565473539,timing variability candidate; retained in summary
evaluation,medium-dense,Dolt (bulk import),3,initial_import_ms,1120.9504,823.514,786.17815,914.1018,594.2926749999999,1105.9872750000002,1.361179530645502,timing variability candidate; retained in summary
evaluation,medium-dense,Dolt (bulk import),7,diff_ms,618.2673,496.2224,469.68005,512.68315,405.1754000000001,577.1877999999999,1.2459479862255312,timing variability candidate; retained in summary
evaluation,medium-dense,Dolt (bulk import),7,checkout_ms,449.4158,284.6986,270.37465,292.624,237.0006249999999,325.9980250000001,1.578566947642173,timing variability candidate; retained in summary
evaluation,medium-dense,Dolt (bulk import),5,storage_bytes,5035361.0,5034906.0,5034791.0,5035017.0,5034452.0,5035356.0,1.0000903691151335,non-timing variability candidate; retained and reviewed
evaluation,medium-dense,Dolt (bulk import),7,storage_bytes,5034428.0,5034906.0,5034791.0,5035017.0,5034452.0,5035356.0,0.99990506277575,non-timing variability candidate; retained and reviewed
evaluation,medium-dense,Dolt (bulk import),5,storage_bytes_per_logical_payload_byte,11.189691111111111,11.18868,11.188424444444443,11.188926666666667,11.187671111111108,11.189680000000003,1.0000903691151335,non-timing variability candidate; retained and reviewed
evaluation,medium-dense,Dolt (bulk import),7,storage_bytes_per_logical_payload_byte,11.187617777777778,11.18868,11.188424444444443,11.188926666666667,11.187671111111108,11.189680000000003,0.99990506277575,non-timing variability candidate; retained and reviewed
evaluation,medium-dense,Dolt (bulk import),5,storage_bytes_minus_logical_payload_bytes,4585361.0,4584906.0,4584791.0,4585017.0,4584452.0,4585356.0,1.0000992386757765,non-timing variability candidate; retained and reviewed
evaluation,medium-dense,Dolt (bulk import),7,storage_bytes_minus_logical_payload_bytes,4584428.0,4584906.0,4584791.0,4585017.0,4584452.0,4585356.0,0.9998957448636897,non-timing variability candidate; retained and reviewed
evaluation,medium-dense,Log-only,1,diff_ms,42.8319,51.7801,49.7531,52.63575,45.429125000000006,56.959725,0.8271884372567839,timing variability candidate; retained in summary
evaluation,medium-dense,Log-only,6,diff_ms,62.653,51.7801,49.7531,52.63575,45.429125000000006,56.959725,1.209982213244084,timing variability candidate; retained in summary
evaluation,medium-dense,Log-only,4,process_tree_peak_rss_bytes,45068288.0,45735936.0,45594624.0,45760512.0,45345792.0,46009344.0,0.9854021135590184,non-timing variability candidate; retained and reviewed
evaluation,medium-dense,Revon-H,2,incremental_commit_ms,161.1144,130.19754999999998,127.360925,131.0437,121.83676249999999,136.56786250000002,1.2374610735762694,timing variability candidate; retained in summary
evaluation,medium-dense,Revon-H,4,incremental_commit_ms,114.17185,130.19754999999998,127.360925,131.0437,121.83676249999999,136.56786250000002,0.8769124303798346,timing variability candidate; retained in summary
evaluation,medium-dense,Revon-M (forced Merkle),7,diff_ms,100.0512,51.3603,44.075199999999995,65.1193,12.509049999999995,96.68545,1.9480260045210014,timing variability candidate; retained in summary
evaluation,medium-dense,Snapshot,1,diff_ms,120.2569,89.2288,85.5907,95.0793,71.3578,109.31220000000002,1.3477363810787548,timing variability candidate; retained in summary
evaluation,medium-dense,Snapshot,5,process_tree_peak_rss_bytes,45137920.0,45694976.0,45565952.0,45742080.0,45301760.0,46006272.0,0.987809250627465,non-timing variability candidate; retained and reviewed
evaluation,medium-sparse,Dolt,4,checkout_ms,674.1447,427.1042,384.214,466.672,260.52699999999993,590.359,1.5784080325129088,timing variability candidate; retained in summary
evaluation,medium-sparse,Log-only,6,initial_import_ms,142.8852,15.9443,14.28555,17.2939,9.773025,21.806425,8.961522299505152,timing variability candidate; retained in summary
evaluation,medium-sparse,Log-only,2,checkout_ms,33.8607,27.6808,27.10675,29.57775,23.40025,33.28425,1.2232558307563366,timing variability candidate; retained in summary
evaluation,medium-sparse,Log-only,7,checkout_ms,23.1689,27.6808,27.10675,29.57775,23.40025,33.28425,0.837002543279096,timing variability candidate; retained in summary
evaluation,medium-sparse,Log-only,6,process_tree_peak_rss_bytes,38109184.0,38752256.0,38682624.0,38819840.0,38476800.0,39025664.0,0.9834055596659973,non-timing variability candidate; retained and reviewed
evaluation,medium-sparse,Revon-H,5,initial_import_ms,764.3928,358.2817,299.42305,385.46614999999997,170.35840000000002,514.5308,2.133496631282033,timing variability candidate; retained in summary
evaluation,medium-sparse,Revon-H,3,storage_bytes,3039232.0,3055616.0,3055616.0,3065856.0,3040256.0,3081216.0,0.9946380697050938,non-timing variability candidate; retained and reviewed
evaluation,medium-sparse,Revon-H,3,storage_bytes_per_logical_payload_byte,6.753848888888889,6.790257777777778,6.790257777777778,6.813013333333334,6.756124444444444,6.847146666666669,0.9946380697050939,non-timing variability candidate; retained and reviewed
evaluation,medium-sparse,Revon-H,3,storage_bytes_minus_logical_payload_bytes,2589232.0,2605616.0,2605616.0,2615856.0,2590256.0,2631216.0,0.9937120435244488,non-timing variability candidate; retained and reviewed
evaluation,medium-sparse,Revon-M (forced Merkle),5,diff_ms,3.7331,1.8283,1.7300499999999999,2.3497500000000002,0.8004999999999993,3.279300000000001,2.0418421484439095,timing variability candidate; retained in summary
evaluation,small-sparse,Dolt,2,storage_bytes,376306.0,376745.0,376723.5,376995.5,376315.5,377403.5,0.9988347556039231,non-timing variability candidate; retained and reviewed
evaluation,small-sparse,Dolt,2,storage_bytes_per_logical_payload_byte,8.362355555555556,8.372111111111112,8.371633333333333,8.377677777777777,8.36256666666667,8.386744444444442,0.9988347556039231,non-timing variability candidate; retained and reviewed
evaluation,small-sparse,Dolt,2,storage_bytes_minus_logical_payload_bytes,331306.0,331745.0,331723.5,331995.5,331315.5,332403.5,0.9986766944490497,non-timing variability candidate; retained and reviewed
evaluation,small-sparse,Dolt (bulk import),7,checkout_ms,650.2213,317.362,283.0915,344.8681,190.42659999999995,437.5330000000001,2.0488316181521418,timing variability candidate; retained in summary
evaluation,small-sparse,Log-only,6,diff_ms,19.3132,14.4789,13.72095,15.14955,11.578050000000001,17.29245,1.333885861495003,timing variability candidate; retained in summary
evaluation,small-sparse,Revon-H,1,initial_import_ms,65.3102,49.2128,47.444900000000004,52.077749999999995,40.49562500000002,59.02702499999998,1.3270978282072956,timing variability candidate; retained in summary
evaluation,small-sparse,Revon-H,1,incremental_commit_ms,23.351999999999997,14.52645,12.184650000000001,16.3682,5.909325000000001,22.643525000000004,1.6075503650238012,timing variability candidate; retained in summary
evaluation,small-sparse,Revon-H,3,checkout_ms,2.3162,1.1879,1.03015,1.28945,0.6411999999999998,1.6784000000000001,1.9498274265510565,timing variability candidate; retained in summary
evaluation,small-sparse,Revon-H,1,process_tree_peak_rss_bytes,32923648.0,33554432.0,33456128.0,33697792.0,33093632.0,34060288.0,0.981201171875,non-timing variability candidate; retained and reviewed
evaluation,small-sparse,Revon-M (forced Merkle),1,initial_import_ms,83.022,48.2099,44.98355,50.66995,36.453950000000006,59.19955,1.7220944245891405,timing variability candidate; retained in summary
evaluation,small-sparse,Revon-M (forced Merkle),3,storage_bytes,770048.0,749568.0,747520.0,751616.0,741376.0,757760.0,1.0273224043715847,non-timing variability candidate; retained and reviewed
evaluation,small-sparse,Revon-M (forced Merkle),3,storage_bytes_per_logical_payload_byte,17.112177777777777,16.657066666666665,16.611555555555555,16.702577777777776,16.475022222222222,16.83911111111111,1.0273224043715847,non-timing variability candidate; retained and reviewed
evaluation,small-sparse,Revon-M (forced Merkle),3,storage_bytes_minus_logical_payload_bytes,725048.0,704568.0,702520.0,706616.0,696376.0,712760.0,1.0290674569381522,non-timing variability candidate; retained and reviewed
evaluation,small-sparse,Snapshot,2,process_tree_peak_rss_bytes,30068736.0,30773248.0,30613504.0,30877696.0,30217216.0,31273984.0,0.9771063489950752,non-timing variability candidate; retained and reviewed
