scenario,numerator_model,denominator_model,metric,paired_trials,median_paired_ratio,ci95_low,ci95_high,interpretation,ratio_direction,interval_method
large-application-key-local,Dolt,Revon-H,initial_import_ms,7,1.60064,1.47873,1.63071,denominator faster by a practically relevant margin,latency Dolt/Revon-H; above 1 favors Revon-H,paired percentile bootstrap of median trial ratio; 20000 resamples
large-application-key-local,Dolt,Revon-H,incremental_commit_ms,7,9.22889,8.90266,9.52448,denominator faster by a practically relevant margin,latency Dolt/Revon-H; above 1 favors Revon-H,paired percentile bootstrap of median trial ratio; 20000 resamples
large-application-key-local,Dolt,Revon-H,diff_ms,7,7.13811,6.83512,9.79267,denominator faster by a practically relevant margin,latency Dolt/Revon-H; above 1 favors Revon-H,paired percentile bootstrap of median trial ratio; 20000 resamples
large-application-key-local,Dolt,Revon-H,checkout_ms,7,3.48608,3.29627,4.10035,denominator faster by a practically relevant margin,latency Dolt/Revon-H; above 1 favors Revon-H,paired percentile bootstrap of median trial ratio; 20000 resamples
large-application-key-local,Revon-M (forced Merkle),Revon-H,diff_ms,7,1.39088,1.06432,1.73765,denominator faster by a practically relevant margin,latency Revon-M (forced Merkle)/Revon-H; above 1 favors Revon-H,paired percentile bootstrap of median trial ratio; 20000 resamples
large-application-key-local,Dolt,Dolt (bulk import),initial_import_ms,7,1.08082,1.02592,1.13086,denominator faster by a practically relevant margin,latency Dolt/Dolt (bulk import); above 1 favors Dolt (bulk import),paired percentile bootstrap of median trial ratio; 20000 resamples
large-hash-route-local,Dolt,Revon-H,initial_import_ms,7,1.43401,1.31164,1.72,denominator faster by a practically relevant margin,latency Dolt/Revon-H; above 1 favors Revon-H,paired percentile bootstrap of median trial ratio; 20000 resamples
large-hash-route-local,Dolt,Revon-H,incremental_commit_ms,7,27.5404,25.5848,34.4908,denominator faster by a practically relevant margin,latency Dolt/Revon-H; above 1 favors Revon-H,paired percentile bootstrap of median trial ratio; 20000 resamples
large-hash-route-local,Dolt,Revon-H,diff_ms,7,102.441,97.4629,104.045,denominator faster by a practically relevant margin,latency Dolt/Revon-H; above 1 favors Revon-H,paired percentile bootstrap of median trial ratio; 20000 resamples
large-hash-route-local,Dolt,Revon-H,checkout_ms,7,2.9414,2.79563,3.74779,denominator faster by a practically relevant margin,latency Dolt/Revon-H; above 1 favors Revon-H,paired percentile bootstrap of median trial ratio; 20000 resamples
large-hash-route-local,Revon-M (forced Merkle),Revon-H,diff_ms,7,1.09201,0.946636,1.17006,inconclusive: interval includes parity,latency Revon-M (forced Merkle)/Revon-H; above 1 favors Revon-H,paired percentile bootstrap of median trial ratio; 20000 resamples
large-hash-route-local,Dolt,Dolt (bulk import),initial_import_ms,7,0.971868,0.89906,1.03327,inconclusive: interval includes parity,latency Dolt/Dolt (bulk import); above 1 favors Dolt (bulk import),paired percentile bootstrap of median trial ratio; 20000 resamples
large-range-local,Dolt,Revon-H,initial_import_ms,7,1.7725,1.58531,1.82551,denominator faster by a practically relevant margin,latency Dolt/Revon-H; above 1 favors Revon-H,paired percentile bootstrap of median trial ratio; 20000 resamples
large-range-local,Dolt,Revon-H,incremental_commit_ms,7,6.98725,6.5064,8.7756,denominator faster by a practically relevant margin,latency Dolt/Revon-H; above 1 favors Revon-H,paired percentile bootstrap of median trial ratio; 20000 resamples
large-range-local,Dolt,Revon-H,diff_ms,7,7.80292,6.75892,11.195,denominator faster by a practically relevant margin,latency Dolt/Revon-H; above 1 favors Revon-H,paired percentile bootstrap of median trial ratio; 20000 resamples
large-range-local,Dolt,Revon-H,checkout_ms,7,3.55532,3.04483,4.0994,denominator faster by a practically relevant margin,latency Dolt/Revon-H; above 1 favors Revon-H,paired percentile bootstrap of median trial ratio; 20000 resamples
large-range-local,Revon-M (forced Merkle),Revon-H,diff_ms,7,1.47056,1.27572,1.80051,denominator faster by a practically relevant margin,latency Revon-M (forced Merkle)/Revon-H; above 1 favors Revon-H,paired percentile bootstrap of median trial ratio; 20000 resamples
large-range-local,Dolt,Dolt (bulk import),initial_import_ms,7,1.09029,1.02351,1.1609,denominator faster by a practically relevant margin,latency Dolt/Dolt (bulk import); above 1 favors Dolt (bulk import),paired percentile bootstrap of median trial ratio; 20000 resamples
large-repeated-key,Dolt,Revon-H,initial_import_ms,7,1.64033,1.54028,1.83249,denominator faster by a practically relevant margin,latency Dolt/Revon-H; above 1 favors Revon-H,paired percentile bootstrap of median trial ratio; 20000 resamples
large-repeated-key,Dolt,Revon-H,incremental_commit_ms,7,8.87006,8.32125,10.0859,denominator faster by a practically relevant margin,latency Dolt/Revon-H; above 1 favors Revon-H,paired percentile bootstrap of median trial ratio; 20000 resamples
large-repeated-key,Dolt,Revon-H,diff_ms,7,141.574,109.515,173.18,denominator faster by a practically relevant margin,latency Dolt/Revon-H; above 1 favors Revon-H,paired percentile bootstrap of median trial ratio; 20000 resamples
large-repeated-key,Dolt,Revon-H,checkout_ms,7,3.22535,2.82499,3.85718,denominator faster by a practically relevant margin,latency Dolt/Revon-H; above 1 favors Revon-H,paired percentile bootstrap of median trial ratio; 20000 resamples
large-repeated-key,Revon-M (forced Merkle),Revon-H,diff_ms,7,3.52179,2.6571,4.14684,denominator faster by a practically relevant margin,latency Revon-M (forced Merkle)/Revon-H; above 1 favors Revon-H,paired percentile bootstrap of median trial ratio; 20000 resamples
large-repeated-key,Dolt,Dolt (bulk import),initial_import_ms,7,1.07399,1.03448,1.23437,denominator faster by a practically relevant margin,latency Dolt/Dolt (bulk import); above 1 favors Dolt (bulk import),paired percentile bootstrap of median trial ratio; 20000 resamples
large-sparse,Dolt,Revon-H,initial_import_ms,7,1.84484,1.56032,2.28519,denominator faster by a practically relevant margin,latency Dolt/Revon-H; above 1 favors Revon-H,paired percentile bootstrap of median trial ratio; 20000 resamples
large-sparse,Dolt,Revon-H,incremental_commit_ms,7,7.27412,5.76704,7.46703,denominator faster by a practically relevant margin,latency Dolt/Revon-H; above 1 favors Revon-H,paired percentile bootstrap of median trial ratio; 20000 resamples
large-sparse,Dolt,Revon-H,diff_ms,7,10.812,8.23,12.4157,denominator faster by a practically relevant margin,latency Dolt/Revon-H; above 1 favors Revon-H,paired percentile bootstrap of median trial ratio; 20000 resamples
large-sparse,Dolt,Revon-H,checkout_ms,7,4.00421,2.75809,4.38706,denominator faster by a practically relevant margin,latency Dolt/Revon-H; above 1 favors Revon-H,paired percentile bootstrap of median trial ratio; 20000 resamples
large-sparse,Revon-M (forced Merkle),Revon-H,diff_ms,7,1.28759,0.952905,1.55242,inconclusive: interval includes parity,latency Revon-M (forced Merkle)/Revon-H; above 1 favors Revon-H,paired percentile bootstrap of median trial ratio; 20000 resamples
large-sparse,Dolt,Dolt (bulk import),initial_import_ms,7,1.06887,1.00581,1.52386,denominator faster by a practically relevant margin,latency Dolt/Dolt (bulk import); above 1 favors Dolt (bulk import),paired percentile bootstrap of median trial ratio; 20000 resamples
medium-dense,Dolt,Revon-H,initial_import_ms,7,5.35392,4.89945,5.4452,denominator faster by a practically relevant margin,latency Dolt/Revon-H; above 1 favors Revon-H,paired percentile bootstrap of median trial ratio; 20000 resamples
medium-dense,Dolt,Revon-H,incremental_commit_ms,7,6.95279,6.62597,7.5996,denominator faster by a practically relevant margin,latency Dolt/Revon-H; above 1 favors Revon-H,paired percentile bootstrap of median trial ratio; 20000 resamples
medium-dense,Dolt,Revon-H,diff_ms,7,10.2866,8.96039,10.789,denominator faster by a practically relevant margin,latency Dolt/Revon-H; above 1 favors Revon-H,paired percentile bootstrap of median trial ratio; 20000 resamples
medium-dense,Dolt,Revon-H,checkout_ms,7,15.681,13.5777,18.3831,denominator faster by a practically relevant margin,latency Dolt/Revon-H; above 1 favors Revon-H,paired percentile bootstrap of median trial ratio; 20000 resamples
medium-dense,Revon-M (forced Merkle),Revon-H,diff_ms,7,0.998678,0.927222,1.50823,inconclusive: interval includes parity,latency Revon-M (forced Merkle)/Revon-H; above 1 favors Revon-H,paired percentile bootstrap of median trial ratio; 20000 resamples
medium-dense,Dolt,Dolt (bulk import),initial_import_ms,7,1.154,0.90202,1.22839,inconclusive: interval includes parity,latency Dolt/Dolt (bulk import); above 1 favors Dolt (bulk import),paired percentile bootstrap of median trial ratio; 20000 resamples
medium-sparse,Dolt,Revon-H,initial_import_ms,7,4.17731,2.814,5.0161,denominator faster by a practically relevant margin,latency Dolt/Revon-H; above 1 favors Revon-H,paired percentile bootstrap of median trial ratio; 20000 resamples
medium-sparse,Dolt,Revon-H,incremental_commit_ms,7,41.7758,31.6991,55.378,denominator faster by a practically relevant margin,latency Dolt/Revon-H; above 1 favors Revon-H,paired percentile bootstrap of median trial ratio; 20000 resamples
medium-sparse,Dolt,Revon-H,diff_ms,7,482.518,393.446,652.003,denominator faster by a practically relevant margin,latency Dolt/Revon-H; above 1 favors Revon-H,paired percentile bootstrap of median trial ratio; 20000 resamples
medium-sparse,Dolt,Revon-H,checkout_ms,7,16.7692,14.1219,35.3023,denominator faster by a practically relevant margin,latency Dolt/Revon-H; above 1 favors Revon-H,paired percentile bootstrap of median trial ratio; 20000 resamples
medium-sparse,Revon-M (forced Merkle),Revon-H,diff_ms,7,1.96826,1.51057,3.51152,denominator faster by a practically relevant margin,latency Revon-M (forced Merkle)/Revon-H; above 1 favors Revon-H,paired percentile bootstrap of median trial ratio; 20000 resamples
medium-sparse,Dolt,Dolt (bulk import),initial_import_ms,7,1.01804,0.956148,1.6243,inconclusive: interval includes parity,latency Dolt/Dolt (bulk import); above 1 favors Dolt (bulk import),paired percentile bootstrap of median trial ratio; 20000 resamples
small-sparse,Dolt,Revon-H,initial_import_ms,7,18.1339,15.3916,21.2993,denominator faster by a practically relevant margin,latency Dolt/Revon-H; above 1 favors Revon-H,paired percentile bootstrap of median trial ratio; 20000 resamples
small-sparse,Dolt,Revon-H,incremental_commit_ms,7,70.0628,59.4614,73.4539,denominator faster by a practically relevant margin,latency Dolt/Revon-H; above 1 favors Revon-H,paired percentile bootstrap of median trial ratio; 20000 resamples
small-sparse,Dolt,Revon-H,diff_ms,7,625.099,537.128,658.695,denominator faster by a practically relevant margin,latency Dolt/Revon-H; above 1 favors Revon-H,paired percentile bootstrap of median trial ratio; 20000 resamples
small-sparse,Dolt,Revon-H,checkout_ms,7,308.336,217.58,319.533,denominator faster by a practically relevant margin,latency Dolt/Revon-H; above 1 favors Revon-H,paired percentile bootstrap of median trial ratio; 20000 resamples
small-sparse,Revon-M (forced Merkle),Revon-H,diff_ms,7,2.08763,1.29166,3.76632,denominator faster by a practically relevant margin,latency Revon-M (forced Merkle)/Revon-H; above 1 favors Revon-H,paired percentile bootstrap of median trial ratio; 20000 resamples
small-sparse,Dolt,Dolt (bulk import),initial_import_ms,7,1.10073,0.673723,1.17473,inconclusive: interval includes parity,latency Dolt/Dolt (bulk import); above 1 favors Dolt (bulk import),paired percentile bootstrap of median trial ratio; 20000 resamples
