phase,scenario,model,trials,all_correct,strategy_selected,work_unit,initial_import_ms_median,initial_import_ms_p25,initial_import_ms_p75,incremental_commit_ms_median,incremental_commit_ms_p25,incremental_commit_ms_p75,diff_ms_median,diff_ms_p25,diff_ms_p75,checkout_ms_median,checkout_ms_p25,checkout_ms_p75,storage_bytes_median,storage_bytes_p25,storage_bytes_p75,logical_payload_bytes_median,logical_payload_bytes_p25,logical_payload_bytes_p75,storage_bytes_per_logical_payload_byte_median,storage_bytes_per_logical_payload_byte_p25,storage_bytes_per_logical_payload_byte_p75,storage_bytes_minus_logical_payload_bytes_median,storage_bytes_minus_logical_payload_bytes_p25,storage_bytes_minus_logical_payload_bytes_p75,storage_bytes_after_compaction_median,storage_bytes_after_compaction_p25,storage_bytes_after_compaction_p75,compaction_ms_median,compaction_ms_p25,compaction_ms_p75,process_tree_peak_rss_bytes_median,process_tree_peak_rss_bytes_p25,process_tree_peak_rss_bytes_p75,work_examined_median,work_examined_p25,work_examined_p75
calibration,calibration-c1,Revon-M (forced Merkle),7,True,merkle,tree node pairs,198.7794,162.86245000000002,211.5453,9.509599999999999,9.20025,10.432425,0.1946,0.18705,0.2064,10.0772,9.85505,10.600100000000001,2621440.0,2619392.0,2625536.0,450000.0,450000.0,450000.0,5.8254222222222225,5.820871111111112,5.834524444444445,2171440.0,2169392.0,2175536.0,,,,,,,44945408.0,44685312.0,45125632.0,104.0,104.0,104.0
calibration,calibration-c1,Revon-log calibration,7,True,log,log operations,162.9417,159.18005,176.99955,9.384350000000001,9.12475,10.78035,0.1347,0.12235,0.1507,11.0145,10.61045,11.70015,2621440.0,2619392.0,2625536.0,450000.0,450000.0,450000.0,5.8254222222222225,5.820871111111112,5.834524444444445,2171440.0,2169392.0,2175536.0,,,,,,,45076480.0,44826624.0,45129728.0,4.0,4.0,4.0
calibration,calibration-c1024,Revon-M (forced Merkle),7,True,merkle,tree node pairs,177.2996,171.30245,242.75240000000002,103.5912,100.404725,129.975425,30.4562,25.84485,34.64985,13.5282,12.070599999999999,20.736800000000002,6029312.0,6025216.0,6033408.0,450000.0,450000.0,450000.0,13.39847111111111,13.389368888888889,13.407573333333334,5579312.0,5575216.0,5583408.0,,,,,,,52797440.0,52484096.0,52908032.0,4299.0,4299.0,4299.0
calibration,calibration-c1024,Revon-log calibration,7,True,log,log operations,199.4223,166.29125,250.30385,96.73910000000001,91.68119999999999,126.41067500000001,21.3631,19.076050000000002,24.51315,16.4253,15.23385,22.57285,6029312.0,6025216.0,6051840.0,450000.0,450000.0,450000.0,13.39847111111111,13.389368888888889,13.448533333333334,5579312.0,5575216.0,5601840.0,,,,,,,52834304.0,52396032.0,52922368.0,4096.0,4096.0,4096.0
calibration,calibration-c16,Revon-M (forced Merkle),7,True,merkle,tree node pairs,229.2576,195.86124999999998,306.8096,20.2697,17.627375,24.812675,0.9831,0.87525,1.30485,14.9911,13.345749999999999,17.2958,2895872.0,2889728.0,2895872.0,450000.0,450000.0,450000.0,6.435271111111111,6.421617777777778,6.435271111111111,2445872.0,2439728.0,2445872.0,,,,,,,45314048.0,45109248.0,45406208.0,812.0,812.0,812.0
calibration,calibration-c16,Revon-log calibration,7,True,log,log operations,199.8631,183.71814999999998,257.96545000000003,19.410850000000003,16.714725,22.2777,0.3978,0.34445,0.5631,13.3936,12.523299999999999,14.73085,2891776.0,2887680.0,2893824.0,450000.0,450000.0,450000.0,6.426168888888889,6.417066666666667,6.43072,2441776.0,2437680.0,2443824.0,,,,,,,45350912.0,45219840.0,45522944.0,64.0,64.0,64.0
calibration,calibration-c256,Revon-M (forced Merkle),7,True,merkle,tree node pairs,187.6199,176.4668,199.90395,56.513149999999996,54.771575,60.913775,11.7103,10.1188,13.5513,12.0411,11.5155,12.956900000000001,4083712.0,4073472.0,4085760.0,450000.0,450000.0,450000.0,9.074915555555556,9.05216,9.079466666666667,3633712.0,3623472.0,3635760.0,,,,,,,47235072.0,47155200.0,47378432.0,3744.0,3744.0,3744.0
calibration,calibration-c256,Revon-log calibration,7,True,log,log operations,175.905,164.46595,197.39175,61.535199999999996,58.016,70.11785,6.3214,6.1488499999999995,7.31185,11.7957,10.63985,13.9618,4079616.0,4077568.0,4087808.0,450000.0,450000.0,450000.0,9.065813333333333,9.061262222222222,9.084017777777778,3629616.0,3627568.0,3637808.0,,,,,,,47267840.0,47245312.0,47474688.0,1024.0,1024.0,1024.0
calibration,calibration-c4,Revon-M (forced Merkle),7,True,merkle,tree node pairs,171.7166,163.1495,215.83335,12.51355,11.819825000000002,13.775175,0.331,0.32335,0.5312,12.5523,10.428,14.5347,2732032.0,2725888.0,2738176.0,450000.0,450000.0,450000.0,6.071182222222222,6.057528888888889,6.084835555555555,2282032.0,2275888.0,2288176.0,,,,,,,45273088.0,45033472.0,45291520.0,289.0,289.0,289.0
calibration,calibration-c4,Revon-log calibration,7,True,log,log operations,180.9206,162.06015,211.6743,12.7713,11.084525,16.685175,0.1904,0.1867,0.2274,10.5469,10.17715,12.6917,2723840.0,2721792.0,2727936.0,450000.0,450000.0,450000.0,6.052977777777778,6.048426666666666,6.06208,2273840.0,2271792.0,2277936.0,,,,,,,44863488.0,44773376.0,45324288.0,16.0,16.0,16.0
calibration,calibration-c64,Revon-M (forced Merkle),7,True,merkle,tree node pairs,207.6701,176.2998,279.96400000000006,31.27115,29.526,31.626575000000003,3.0853,2.8231,3.5912,13.93,11.770150000000001,14.49245,3207168.0,3201024.0,3217408.0,450000.0,450000.0,450000.0,7.12704,7.113386666666667,7.149795555555556,2757168.0,2751024.0,2767408.0,,,,,,,46346240.0,46030848.0,46534656.0,2057.0,2057.0,2057.0
calibration,calibration-c64,Revon-log calibration,7,True,log,log operations,177.3504,175.2476,229.62935000000002,28.027099999999997,23.234825,34.182475,1.0018,0.9601500000000001,1.0968,15.0966,11.71045,16.37675,3215360.0,3198976.0,3219456.0,450000.0,450000.0,450000.0,7.145244444444445,7.108835555555556,7.154346666666667,2765360.0,2748976.0,2769456.0,,,,,,,46202880.0,46000128.0,46434304.0,256.0,256.0,256.0
evaluation,large-application-key-local,Dolt,7,True,dolt-native,not exposed by Dolt CLI,1870.5086,1861.497,1949.20675,821.18585,807.2748750000001,831.412075,289.8708,280.2568,323.7763,785.4385,755.1238000000001,871.76115,5585229.0,5585144.5,5585388.5,4500000.0,4500000.0,4500000.0,1.241162,1.2411432222222223,1.2411974444444445,1085229.0,1085144.5,1085388.5,2343592.0,2343592.0,2343592.0,786.8163,786.8163,786.8163,248639488.0,246050816.0,258394112.0,,,
evaluation,large-application-key-local,Dolt (bulk import),7,True,dolt-native,not exposed by Dolt CLI,1732.761,1696.4216,1800.9268,804.9143,779.488675,818.4824,296.4096,278.3472,330.9848,708.8731,690.5187000000001,751.1481,5023970.0,5023773.5,5023998.5,4500000.0,4500000.0,4500000.0,1.1164377777777779,1.116394111111111,1.1164441111111112,523970.0,523773.5,523998.5,2397070.0,2397070.0,2397070.0,626.0137,626.0137,626.0137,233259008.0,221753344.0,239448064.0,,,
evaluation,large-application-key-local,Log-only,7,True,operation-log,operations,59.4149,58.2687,59.5861,2.9812,2.943325,3.059925,23.8532,20.270699999999998,24.3983,120.6329,118.54225,134.2118,5241683.0,5241683.0,5241683.0,4500000.0,4500000.0,4500000.0,1.1648184444444445,1.1648184444444445,1.1648184444444445,741683.0,741683.0,741683.0,,,,,,,158146560.0,153806848.0,160145408.0,1000.0,1000.0,1000.0
evaluation,large-application-key-local,Revon-H,7,True,log,log operations,1194.3437,1167.1296,1253.8296,89.6517,88.9351,92.30817499999999,39.3611,34.6559,43.0387,225.3073,216.03755,239.1994,36102144.0,36093952.0,36118528.0,4500000.0,4500000.0,4500000.0,8.022698666666667,8.020878222222223,8.026339555555555,31602144.0,31593952.0,31618528.0,35360768.0,35360768.0,35360768.0,931.6171,931.6171,931.6171,180764672.0,178477056.0,184680448.0,1000.0,1000.0,1000.0
evaluation,large-application-key-local,Revon-M (forced Merkle),7,True,merkle,tree node pairs,1094.8807,1046.0801999999999,1166.757,91.88695,88.546125,101.937075,54.4031,47.2913,54.6795,197.6987,196.49175000000002,232.60005,36114432.0,36096000.0,36126720.0,4500000.0,4500000.0,4500000.0,8.025429333333333,8.021333333333335,8.02816,31614432.0,31596000.0,31626720.0,35356672.0,35356672.0,35356672.0,831.5938,831.5938,831.5938,176492544.0,176457728.0,182695936.0,3489.0,3489.0,3489.0
evaluation,large-application-key-local,Snapshot,7,True,full-scan,keys,56.2827,53.897800000000004,58.23115,51.92895,51.523175,55.54755,481.7602,462.97839999999997,506.89324999999997,116.0279,108.89285000000001,133.68099999999998,56100011.0,56100011.0,56100011.0,4500000.0,4500000.0,4500000.0,12.466669111111111,12.466669111111111,12.466669111111111,51600011.0,51600011.0,51600011.0,,,,,,,155242496.0,152760320.0,157956096.0,100010.0,100010.0,100010.0
evaluation,large-hash-route-local,Dolt,7,True,dolt-native,not exposed by Dolt CLI,1775.6549,1706.8156,1800.8391499999998,785.5614499999999,762.72295,827.8869500000001,278.2231,266.2328,300.5072,730.914,717.60635,753.3216500000001,8673738.0,8673392.0,8673755.5,4500000.0,4500000.0,4500000.0,1.9274973333333334,1.9274204444444445,1.9275012222222223,4173738.0,4173392.0,4173755.5,3958040.0,3958040.0,3958040.0,768.555,768.555,768.555,243859456.0,240093184.0,246151168.0,,,
evaluation,large-hash-route-local,Dolt (bulk import),7,True,dolt-native,not exposed by Dolt CLI,1789.0615,1758.82115,1896.9407999999999,776.53615,755.50365,796.932625,280.6516,274.4753,296.22159999999997,708.8429,662.7139500000001,727.7132,8111866.0,8111729.0,8112169.5,4500000.0,4500000.0,4500000.0,1.8026368888888888,1.8026064444444443,1.8027043333333332,3611866.0,3611729.0,3612169.5,4004257.0,4004257.0,4004257.0,651.8454,651.8454,651.8454,233418752.0,225873920.0,246489088.0,,,
evaluation,large-hash-route-local,Log-only,7,True,operation-log,operations,57.6733,54.624300000000005,61.4226,3.02115,2.974425,3.114475,17.5366,15.7007,19.41255,122.8291,117.5581,128.0911,5241683.0,5241683.0,5241683.0,4500000.0,4500000.0,4500000.0,1.1648184444444445,1.1648184444444445,1.1648184444444445,741683.0,741683.0,741683.0,,,,,,,157802496.0,149643264.0,157937664.0,1000.0,1000.0,1000.0
evaluation,large-hash-route-local,Revon-H,7,True,log,log operations,1254.5103,1137.85825,1288.60765,27.28015,25.119875,29.444000000000003,2.6203,2.5887000000000002,2.91115,231.753,214.30115,257.7279,30699520.0,30697472.0,30709760.0,4500000.0,4500000.0,4500000.0,6.8221155555555555,6.821660444444444,6.824391111111111,26199520.0,26197472.0,26209760.0,30302208.0,30302208.0,30302208.0,661.5315,661.5315,661.5315,177217536.0,174915584.0,183095296.0,1000.0,1000.0,1000.0
evaluation,large-hash-route-local,Revon-M (forced Merkle),7,True,merkle,tree node pairs,1071.0988,962.02945,1112.7781,20.5107,15.803774999999998,25.632725,2.8298,2.5069999999999997,3.0895,196.879,195.46025,222.9573,30707712.0,30703616.0,30707712.0,4500000.0,4500000.0,4500000.0,6.823936,6.823025777777778,6.823936,26207712.0,26203616.0,26207712.0,30306304.0,30306304.0,30306304.0,672.3704,672.3704,672.3704,181129216.0,179113984.0,181299200.0,233.0,233.0,233.0
evaluation,large-hash-route-local,Snapshot,7,True,full-scan,keys,70.2278,57.87845,74.42675,55.6426,52.558025,58.15275,536.2447,464.03999999999996,607.40075,138.7856,122.8423,166.18759999999997,56100011.0,56100011.0,56100011.0,4500000.0,4500000.0,4500000.0,12.466669111111111,12.466669111111111,12.466669111111111,51600011.0,51600011.0,51600011.0,,,,,,,157642752.0,157550592.0,157743104.0,100010.0,100010.0,100010.0
evaluation,large-range-local,Dolt,7,True,dolt-native,not exposed by Dolt CLI,1853.9964,1813.2326,1898.59515,781.53835,769.260075,811.5438750000001,325.0363,273.86625,343.90315,728.4807,703.502,798.1047000000001,5230082.0,5230034.5,5230548.5,4500000.0,4500000.0,4500000.0,1.1622404444444445,1.162229888888889,1.162344111111111,730082.0,730034.5,730548.5,2226475.0,2226475.0,2226475.0,706.4291,706.4291,706.4291,242057216.0,241702912.0,245055488.0,,,
evaluation,large-range-local,Dolt (bulk import),7,True,dolt-native,not exposed by Dolt CLI,1669.7369,1651.9972,1772.28255,791.3064999999999,771.5871000000001,816.89595,351.6182,311.56265,412.55415000000005,797.6973,758.4345000000001,826.112,4668860.0,4668740.5,4669033.0,4500000.0,4500000.0,4500000.0,1.0375244444444445,1.0374978888888888,1.0375628888888888,168860.0,168740.5,169033.0,2166353.0,2166353.0,2166353.0,702.239,702.239,702.239,242794496.0,221501440.0,248946688.0,,,
evaluation,large-range-local,Log-only,7,True,operation-log,operations,60.0131,59.4757,62.843050000000005,3.09545,3.0031749999999997,3.131125,22.3541,21.04185,28.3265,116.2111,113.43029999999999,126.38400000000001,5241683.0,5241683.0,5241683.0,4500000.0,4500000.0,4500000.0,1.1648184444444445,1.1648184444444445,1.1648184444444445,741683.0,741683.0,741683.0,,,,,,,154148864.0,152076288.0,158111744.0,1000.0,1000.0,1000.0
evaluation,large-range-local,Revon-H,7,True,log,log operations,1093.5957,1039.5058,1141.6774500000001,113.04905,95.46327500000001,118.571,41.3589,35.2145,43.256600000000006,210.0044,194.00535000000002,222.96640000000002,36089856.0,36083712.0,36106240.0,4500000.0,4500000.0,4500000.0,8.019968,8.018602666666666,8.023608888888889,31589856.0,31583712.0,31606240.0,35315712.0,35315712.0,35315712.0,856.0924,856.0924,856.0924,180822016.0,176570368.0,184989696.0,1000.0,1000.0,1000.0
evaluation,large-range-local,Revon-M (forced Merkle),7,True,merkle,tree node pairs,1174.3015,1146.2003,1186.779,102.78954999999999,97.5446,114.62174999999999,60.4136,55.943200000000004,62.97005,208.6897,204.53224999999998,234.36185,36106240.0,36083712.0,36110336.0,4500000.0,4500000.0,4500000.0,8.023608888888889,8.018602666666666,8.024519111111111,31606240.0,31583712.0,31610336.0,35328000.0,35328000.0,35328000.0,737.772,737.772,737.772,181071872.0,178726912.0,186961920.0,4153.0,4153.0,4153.0
evaluation,large-range-local,Snapshot,7,True,full-scan,keys,64.453,58.4915,66.2876,58.3275,55.805725,60.293875,480.976,443.2158,498.09535,111.7112,106.21350000000001,119.31479999999999,56100011.0,56100011.0,56100011.0,4500000.0,4500000.0,4500000.0,12.466669111111111,12.466669111111111,12.466669111111111,51600011.0,51600011.0,51600011.0,,,,,,,158187520.0,155887616.0,158240768.0,100010.0,100010.0,100010.0
evaluation,large-repeated-key,Dolt,7,True,dolt-native,not exposed by Dolt CLI,1896.0774,1838.2305000000001,1990.0599000000002,834.5179499999999,822.8762750000001,861.934325,293.7158,277.49355,300.5897,716.5206,706.6067,769.09915,5245513.0,5245304.5,5245609.0,4500000.0,4500000.0,4500000.0,1.1656695555555556,1.165623222222222,1.1656908888888888,745513.0,745304.5,745609.0,2175413.0,2175413.0,2175413.0,641.8776,641.8776,641.8776,239583232.0,239206400.0,239962112.0,,,
evaluation,large-repeated-key,Dolt (bulk import),7,True,dolt-native,not exposed by Dolt CLI,1790.5019,1685.8884,1796.44125,792.9005999999999,771.81475,802.9269,270.9699,253.69234999999998,333.41060000000004,741.9903,723.1809499999999,750.7787000000001,4683741.0,4683723.0,4683998.0,4500000.0,4500000.0,4500000.0,1.0408313333333334,1.0408273333333333,1.0408884444444444,183741.0,183723.0,183998.0,2164295.0,2164295.0,2164295.0,587.0076,587.0076,587.0076,222212096.0,219058176.0,234262528.0,,,
evaluation,large-repeated-key,Log-only,7,True,operation-log,operations,58.9913,56.370400000000004,66.1319,2.94215,2.87525,3.011125,17.678,14.7851,19.70165,136.2247,123.7859,151.93599999999998,5241683.0,5241683.0,5241683.0,4500000.0,4500000.0,4500000.0,1.1648184444444445,1.1648184444444445,1.1648184444444445,741683.0,741683.0,741683.0,,,,,,,157630464.0,149366784.0,157681664.0,1000.0,1000.0,1000.0
evaluation,large-repeated-key,Revon-H,7,True,log,log operations,1168.8909,1123.2071999999998,1230.3220000000001,92.92214999999999,88.605075,99.44890000000001,1.992,1.7433,2.3791,243.0387,207.56380000000001,247.71044999999998,36151296.0,36147200.0,36159488.0,4500000.0,4500000.0,4500000.0,8.033621333333333,8.03271111111111,8.035441777777777,31651296.0,31647200.0,31659488.0,35336192.0,35336192.0,35336192.0,975.4561,975.4561,975.4561,181428224.0,180207616.0,183580672.0,1000.0,1000.0,1000.0
evaluation,large-repeated-key,Revon-M (forced Merkle),7,True,merkle,tree node pairs,1147.8967,1037.10445,1182.25385,99.2405,94.5629,103.15972500000001,7.151,5.7188,8.2741,221.043,187.8937,244.7829,36151296.0,36134912.0,36161536.0,4500000.0,4500000.0,4500000.0,8.033621333333333,8.029980444444444,8.035896888888889,31651296.0,31634912.0,31661536.0,35340288.0,35340288.0,35340288.0,875.8151,875.8151,875.8151,180379648.0,178251776.0,184432640.0,2001.0,2001.0,2001.0
evaluation,large-repeated-key,Snapshot,7,True,full-scan,keys,60.8151,58.90175,64.75720000000001,52.32965,48.90095,56.699675,488.9689,472.62485000000004,523.11615,113.4392,107.05015,116.27905000000001,56100011.0,56100011.0,56100011.0,4500000.0,4500000.0,4500000.0,12.466669111111111,12.466669111111111,12.466669111111111,51600011.0,51600011.0,51600011.0,,,,,,,153272320.0,149338112.0,157495296.0,100010.0,100010.0,100010.0
evaluation,large-sparse,Dolt,7,True,dolt-native,not exposed by Dolt CLI,2619.0833,2378.1041,2811.4455500000004,1200.2961,903.850825,1300.474025,483.0822,424.04195000000004,513.3235,1128.2487,806.6321499999999,1187.40245,8793967.0,8793817.0,8794280.5,4500000.0,4500000.0,4500000.0,1.9542148888888888,1.9541815555555555,1.9542845555555557,4293967.0,4293817.0,4294280.5,4006670.0,4006670.0,4006670.0,1539.0517,1539.0517,1539.0517,252280832.0,241192960.0,259977216.0,,,
evaluation,large-sparse,Dolt (bulk import),7,True,dolt-native,not exposed by Dolt CLI,2080.0871,1843.156,2385.9383,1107.8787499999999,910.09635,1239.115825,452.695,387.22069999999997,471.38239999999996,977.3363,831.6928,1102.4562,8232569.0,8232447.0,8232706.0,4500000.0,4500000.0,4500000.0,1.8294597777777777,1.8294326666666665,1.8294902222222222,3732569.0,3732447.0,3732706.0,4209861.0,4209861.0,4209861.0,764.4766,764.4766,764.4766,221663232.0,220702720.0,242632704.0,,,
evaluation,large-sparse,Log-only,7,True,operation-log,operations,64.0352,58.834199999999996,89.0951,3.19435,3.108625,3.6292,30.1321,27.8693,35.2469,193.9209,150.9023,214.20855,5241683.0,5241683.0,5241683.0,4500000.0,4500000.0,4500000.0,1.1648184444444445,1.1648184444444445,1.1648184444444445,741683.0,741683.0,741683.0,,,,,,,150159360.0,149952512.0,154744832.0,1000.0,1000.0,1000.0
evaluation,large-sparse,Revon-H,7,True,log,log operations,1352.9886,1185.8168500000002,1542.05865,180.96245,120.15032500000001,219.7148,46.8336,42.68815,56.852500000000006,280.6876,215.99695,281.8677,36089856.0,36085760.0,36100096.0,4500000.0,4500000.0,4500000.0,8.019968,8.019057777777778,8.022243555555555,31589856.0,31585760.0,31600096.0,35336192.0,35336192.0,35336192.0,1382.1401,1382.1401,1382.1401,185233408.0,185055232.0,187285504.0,1000.0,1000.0,1000.0
evaluation,large-sparse,Revon-M (forced Merkle),7,True,merkle,tree node pairs,1634.3681,1241.12905,1953.41635,170.34175,119.46945,219.9668,65.7279,45.508300000000006,80.92765,235.1125,219.85055,266.16125,36110336.0,36104192.0,36124672.0,4500000.0,4500000.0,4500000.0,8.024519111111111,8.023153777777779,8.027704888888888,31610336.0,31604192.0,31624672.0,35344384.0,35344384.0,35344384.0,973.6762,973.6762,973.6762,181067776.0,178964480.0,185128960.0,4169.0,4169.0,4169.0
evaluation,large-sparse,Snapshot,7,True,full-scan,keys,73.3696,57.9148,97.75585000000001,74.60245,53.485125000000004,79.42035,617.0634,520.0708,771.6315999999999,191.3672,126.6954,233.48465,56100011.0,56100011.0,56100011.0,4500000.0,4500000.0,4500000.0,12.466669111111111,12.466669111111111,12.466669111111111,51600011.0,51600011.0,51600011.0,,,,,,,157974528.0,153024512.0,158222336.0,100010.0,100010.0,100010.0
evaluation,medium-dense,Dolt,7,True,dolt-native,not exposed by Dolt CLI,918.5577,877.6777999999999,938.41395,895.09285,857.567975,1005.987575,488.4225,483.95955000000004,515.6990000000001,317.7046,277.7932,334.96074999999996,5081673.0,5081465.0,5081797.5,450000.0,450000.0,450000.0,11.292606666666666,11.292144444444444,11.292883333333332,4631673.0,4631465.0,4631797.5,2349436.0,2349436.0,2349436.0,768.6129,768.6129,768.6129,159903744.0,156792832.0,163639296.0,,,
evaluation,medium-dense,Dolt (bulk import),7,True,dolt-native,not exposed by Dolt CLI,823.514,786.17815,914.1018,899.5238999999999,868.13485,984.51705,496.2224,469.68005,512.68315,284.6986,270.37465,292.624,5034906.0,5034791.0,5035017.0,450000.0,450000.0,450000.0,11.18868,11.188424444444443,11.188926666666667,4584906.0,4584791.0,4585017.0,2346753.0,2346753.0,2346753.0,738.3583,738.3583,738.3583,157437952.0,156319744.0,162224128.0,,,
evaluation,medium-dense,Log-only,7,True,operation-log,operations,16.1174,12.43545,21.17825,4.71965,4.64025,5.057449999999999,51.7801,49.7531,52.63575,34.9555,33.41785,37.647400000000005,1929683.0,1929683.0,1929683.0,450000.0,450000.0,450000.0,4.288184444444444,4.288184444444444,4.288184444444444,1479683.0,1479683.0,1479683.0,,,,,,,45735936.0,45594624.0,45760512.0,10000.0,10000.0,10000.0
evaluation,medium-dense,Revon-H,7,True,merkle,tree node pairs,171.8181,171.07825,179.30419999999998,130.19754999999998,127.360925,131.0437,50.3909,47.9529,51.74225,19.054,17.513550000000002,21.6175,11202560.0,11173888.0,11223040.0,450000.0,450000.0,450000.0,24.894577777777776,24.830862222222223,24.940088888888887,10752560.0,10723888.0,10773040.0,10096640.0,10096640.0,10096640.0,409.2674,409.2674,409.2674,64180224.0,63827968.0,64471040.0,4311.0,4311.0,4311.0
evaluation,medium-dense,Revon-M (forced Merkle),7,True,merkle,tree node pairs,193.983,163.63215000000002,269.0135,155.3973,122.138325,164.212875,51.3603,44.075199999999995,65.1193,18.4817,17.7389,25.8373,11182080.0,11165696.0,11190272.0,450000.0,450000.0,450000.0,24.849066666666666,24.81265777777778,24.867271111111112,10732080.0,10715696.0,10740272.0,10092544.0,10092544.0,10092544.0,292.1882,292.1882,292.1882,64282624.0,64165888.0,64372736.0,4311.0,4311.0,4311.0
evaluation,medium-dense,Snapshot,7,True,full-scan,keys,15.9725,14.1463,19.627850000000002,10.6281,10.1119,12.618075,89.2288,85.5907,95.0793,11.1063,10.41395,11.6083,5610011.0,5610011.0,5610011.0,450000.0,450000.0,450000.0,12.46669111111111,12.46669111111111,12.46669111111111,5160011.0,5160011.0,5160011.0,,,,,,,45694976.0,45565952.0,45742080.0,10010.0,10010.0,10010.0
evaluation,medium-sparse,Dolt,7,True,dolt-native,not exposed by Dolt CLI,1456.1124,1202.77605,1500.9747499999999,1003.40545,967.526525,1438.8186249999999,503.315,400.616,533.62655,427.1042,384.214,466.672,940288.0,939985.0,940685.0,450000.0,450000.0,450000.0,2.0895288888888888,2.0888555555555555,2.090411111111111,490288.0,489985.0,490685.0,812217.0,812217.0,812217.0,709.7,709.7,709.7,151322624.0,149346304.0,154771456.0,,,
evaluation,medium-sparse,Dolt (bulk import),7,True,dolt-native,not exposed by Dolt CLI,1044.8947,938.7416499999999,1321.5558500000002,1070.72755,1006.82285,1110.4751,362.1538,329.97745,472.94245,513.0281,394.326,563.24905,893305.0,893101.0,893428.0,450000.0,450000.0,450000.0,1.9851222222222222,1.9846688888888888,1.9853955555555554,443305.0,443101.0,443428.0,812208.0,812208.0,812208.0,520.9291,520.9291,520.9291,154656768.0,152752128.0,157036544.0,,,
evaluation,medium-sparse,Log-only,7,True,operation-log,operations,15.9443,14.28555,17.2939,3.39155,2.96405,3.443925,15.9052,13.6388,17.837200000000003,27.6808,27.10675,29.57775,523883.0,523883.0,523883.0,450000.0,450000.0,450000.0,1.1641844444444445,1.1641844444444445,1.1641844444444445,73883.0,73883.0,73883.0,,,,,,,38752256.0,38682624.0,38819840.0,100.0,100.0,100.0
evaluation,medium-sparse,Revon-H,7,True,log,log operations,358.2817,299.42305,385.46614999999997,30.6854,25.4118,32.62305,0.814,0.7303,1.20725,21.4573,16.87105,27.3704,3055616.0,3055616.0,3065856.0,450000.0,450000.0,450000.0,6.790257777777778,6.790257777777778,6.813013333333334,2605616.0,2605616.0,2615856.0,2793472.0,2793472.0,2793472.0,103.3787,103.3787,103.3787,46485504.0,46379008.0,46745600.0,100.0,100.0,100.0
evaluation,medium-sparse,Revon-M (forced Merkle),7,True,merkle,tree node pairs,391.6704,208.6797,494.97335,18.770000000000003,17.524775,26.971649999999997,1.8283,1.7300499999999999,2.3497500000000002,15.3164,13.40655,18.6137,3055616.0,3051520.0,3059712.0,450000.0,450000.0,450000.0,6.790257777777778,6.781155555555555,6.79936,2605616.0,2601520.0,2609712.0,2793472.0,2793472.0,2793472.0,94.2872,94.2872,94.2872,46731264.0,46417920.0,46817280.0,1141.0,1141.0,1141.0
evaluation,medium-sparse,Snapshot,7,True,full-scan,keys,20.7424,16.18015,21.56955,11.492650000000001,9.788375,14.375225,69.0788,64.2043,84.06915000000001,12.3947,9.938099999999999,13.652149999999999,5610011.0,5610011.0,5610011.0,450000.0,450000.0,450000.0,12.46669111111111,12.46669111111111,12.46669111111111,5160011.0,5160011.0,5160011.0,,,,,,,38662144.0,38414336.0,38817792.0,10010.0,10010.0,10010.0
evaluation,small-sparse,Dolt,7,True,dolt-native,not exposed by Dolt CLI,1015.4225,826.4916499999999,1075.95135,980.6610499999999,862.418925,1052.510125,411.6903,307.22505,443.96645,336.8175,283.8221,362.48055,376745.0,376723.5,376995.5,45000.0,45000.0,45000.0,8.372111111111112,8.371633333333333,8.377677777777777,331745.0,331723.5,331995.5,293427.0,293427.0,293427.0,245.6292,245.6292,245.6292,143982592.0,143452160.0,147460096.0,,,
evaluation,small-sparse,Dolt (bulk import),7,True,dolt-native,not exposed by Dolt CLI,996.2657,898.61685,1043.5501,1020.0025499999999,964.23745,1064.98655,279.5875,256.7904,295.5243,317.362,283.0915,344.8681,376774.0,376590.5,377450.5,45000.0,45000.0,45000.0,8.372755555555555,8.368677777777778,8.387788888888888,331774.0,331590.5,332450.5,293372.0,293372.0,293372.0,287.5119,287.5119,287.5119,145686528.0,144386048.0,146913280.0,,,
evaluation,small-sparse,Log-only,7,True,operation-log,operations,8.1603,5.62485,12.18825,2.9608499999999998,2.814825,3.000025,14.4789,13.72095,15.14955,16.204,12.8769,16.7521,64883.0,64883.0,64883.0,45000.0,45000.0,45000.0,1.4418444444444445,1.4418444444444445,1.4418444444444445,19883.0,19883.0,19883.0,,,,,,,30625792.0,30304256.0,30707712.0,100.0,100.0,100.0
evaluation,small-sparse,Revon-H,7,True,log,log operations,49.2128,47.444900000000004,52.077749999999995,14.52645,12.184650000000001,16.3682,0.6586,0.5347,0.7907,1.1879,1.03015,1.28945,749568.0,739328.0,755712.0,45000.0,45000.0,45000.0,16.657066666666665,16.42951111111111,16.7936,704568.0,694328.0,710712.0,663552.0,663552.0,663552.0,27.5684,27.5684,27.5684,33554432.0,33456128.0,33697792.0,100.0,100.0,100.0
evaluation,small-sparse,Revon-M (forced Merkle),7,True,merkle,tree node pairs,48.2099,44.98355,50.66995,14.26145,13.417625000000001,16.286175,1.0006,0.9581500000000001,2.1534500000000003,1.232,1.16105,1.51835,749568.0,747520.0,751616.0,45000.0,45000.0,45000.0,16.657066666666665,16.611555555555555,16.702577777777776,704568.0,702520.0,706616.0,675840.0,675840.0,675840.0,29.4733,29.4733,29.4733,33382400.0,33251328.0,33499136.0,635.0,635.0,635.0
evaluation,small-sparse,Snapshot,7,True,full-scan,keys,5.1555,4.1332,9.708649999999999,4.14445,3.78775,4.521075,36.3288,30.752699999999997,39.09545,1.0116,0.9914000000000001,1.1194,561011.0,561011.0,561011.0,45000.0,45000.0,45000.0,12.466911111111111,12.466911111111111,12.466911111111111,516011.0,516011.0,516011.0,,,,,,,30773248.0,30613504.0,30877696.0,1010.0,1010.0,1010.0
