phase,scenario,model,trials,all_correct,strategy_selected,work_unit,initial_import_ms_median,initial_import_ms_p25,initial_import_ms_p75,incremental_commit_ms_median,incremental_commit_ms_p25,incremental_commit_ms_p75,diff_ms_median,diff_ms_p25,diff_ms_p75,checkout_ms_median,checkout_ms_p25,checkout_ms_p75,storage_bytes_median,storage_bytes_p25,storage_bytes_p75,peak_memory_bytes_median,peak_memory_bytes_p25,peak_memory_bytes_p75,work_examined_median,work_examined_p25,work_examined_p75
calibration,calibration-c1,Chronos-M (forced Merkle),7,True,merkle,tree node pairs,752.2467,739.59165,778.9947,11.84295,11.37565,12.156375,0.2298,0.2187,0.2616,3.3947,3.06575,3.62975,2625536.0,2623488.0,2627584.0,10118495.0,10118495.0,10118495.0,104.0,104.0,104.0
calibration,calibration-c1,Chronos-log calibration,7,True,log,log operations,845.6184,759.0314,1116.65075,11.50915,11.09045,13.230775000000001,0.0714,0.06675,0.086,3.1823,3.1489000000000003,5.1835,2625536.0,2625536.0,2629632.0,10118495.0,10118495.0,10118495.0,4.0,4.0,4.0
calibration,calibration-c1024,Chronos-M (forced Merkle),7,True,merkle,tree node pairs,1036.6584,1015.93865,1063.3993500000001,337.24005,310.6625,348.57855,49.8987,47.485749999999996,54.33065,5.6382,5.1400500000000005,5.9867,6049792.0,6025216.0,6055936.0,10118495.0,10118495.0,10118495.0,4299.0,4299.0,4299.0
calibration,calibration-c1024,Chronos-log calibration,7,True,log,log operations,920.7416,910.9959,1060.86105,356.10615,306.95395,370.407,15.6796,14.92,18.042900000000003,7.3922,6.79345,8.76815,6049792.0,6041600.0,6057984.0,10118495.0,10118495.0,10118495.0,4096.0,4096.0,4096.0
calibration,calibration-c16,Chronos-M (forced Merkle),7,True,merkle,tree node pairs,749.7509,743.9037000000001,775.44435,23.085250000000002,22.27845,24.091700000000003,1.9079,1.7927,1.9311,3.4239,3.0038,3.8105,2875392.0,2871296.0,2875392.0,10118495.0,10118495.0,10118495.0,812.0,812.0,812.0
calibration,calibration-c16,Chronos-log calibration,7,True,log,log operations,748.2358,741.9371000000001,768.3825999999999,22.64455,22.3656,23.323999999999998,0.2396,0.22625,0.256,3.0859,2.76125,3.62025,2879488.0,2877440.0,2879488.0,10118495.0,10118495.0,10118495.0,64.0,64.0,64.0
calibration,calibration-c256,Chronos-M (forced Merkle),7,True,merkle,tree node pairs,869.9122,838.90095,917.16565,133.2614,126.1266,134.18705,16.6488,15.5663,18.0845,4.6721,4.38915,6.2631499999999996,4075520.0,4061184.0,4079616.0,10118495.0,10118495.0,10118495.0,3744.0,3744.0,3744.0
calibration,calibration-c256,Chronos-log calibration,7,True,log,log operations,858.5824,848.20145,880.8394499999999,130.55935,120.35955,135.3737,2.8687,2.8188,2.98915,4.454,3.9071,4.97795,4059136.0,4057088.0,4067328.0,10118495.0,10118495.0,10118495.0,1024.0,1024.0,1024.0
calibration,calibration-c4,Chronos-M (forced Merkle),7,True,merkle,tree node pairs,745.0455,732.85355,762.94525,15.3083,14.890225000000001,15.932300000000001,0.6144,0.6044499999999999,0.6845000000000001,3.544,3.40855,4.307650000000001,2732032.0,2725888.0,2732032.0,10118495.0,10118495.0,10118495.0,289.0,289.0,289.0
calibration,calibration-c4,Chronos-log calibration,7,True,log,log operations,782.6297,756.4244,783.7293,15.4656,15.167024999999999,15.593425,0.1093,0.1028,0.1259,3.3959,3.1411,3.636,2727936.0,2725888.0,2729984.0,10118495.0,10118495.0,10118495.0,16.0,16.0,16.0
calibration,calibration-c64,Chronos-M (forced Merkle),7,True,merkle,tree node pairs,826.8887,792.28945,829.5135499999999,49.18845,43.973925,51.704175,5.9098,5.843999999999999,6.014749999999999,3.9938,3.7938,4.377800000000001,3227648.0,3221504.0,3227648.0,10118495.0,10118495.0,10118495.0,2057.0,2057.0,2057.0
calibration,calibration-c64,Chronos-log calibration,7,True,log,log operations,858.7097,793.6001,873.9204,51.3511,49.894850000000005,55.4409,0.7862,0.77305,0.81325,5.0717,3.68825,6.45375,3219456.0,3211264.0,3225600.0,10118495.0,10118495.0,10118495.0,256.0,256.0,256.0
evaluation,large-hot,Chronos-H,7,True,log,log operations,4748.0921,4731.7111,4774.9346000000005,126.396,123.43594999999999,126.87295,2.0306,2.0265,2.05,18.9212,18.54405,20.0626,36110336.0,36106240.0,36118528.0,81061416.0,81061416.0,81061416.0,1000.0,1000.0,1000.0
evaluation,large-hot,Chronos-M (forced Merkle),7,True,merkle,tree node pairs,4743.5146,4724.6278999999995,4751.34705,124.59514999999999,123.54245,125.284525,20.3478,19.880200000000002,20.91965,19.9216,18.25225,20.974,36110336.0,36106240.0,36122624.0,81061416.0,81061416.0,81061416.0,3489.0,3489.0,3489.0
evaluation,large-hot,Dolt,7,True,dolt-native,not exposed by Dolt CLI,1738.6693,1709.84245,1749.9009,643.6076,623.2058999999999,653.904875,182.4091,175.30425,185.61585,745.6325,735.46985,758.7163,5612640.0,5612346.0,5612868.5,,,,,,
evaluation,large-hot,Log-only,7,True,operation-log,operations,300.1562,293.504,306.0836,4.1831499999999995,4.106974999999999,4.241525,4.6828,4.603949999999999,4.8071,106.1559,98.3991,108.41735,5241683.0,5241683.0,5241683.0,25943108.0,25943108.0,25943108.0,1000.0,1000.0,1000.0
evaluation,large-hot,Snapshot,7,True,full-scan,keys,304.2614,300.18035,309.54475,292.10130000000004,289.59770000000003,293.913025,315.2176,299.2095,325.46659999999997,103.0362,97.32995,112.92765,56100011.0,56100011.0,56100011.0,54064246.0,54064246.0,54064246.0,100010.0,100010.0,100010.0
evaluation,large-sparse,Chronos-H,7,True,log,log operations,4757.9246,4738.00965,4894.48085,126.51939999999999,125.315375,128.383975,3.0817,3.03445,3.1624999999999996,20.0213,17.43945,21.23075,36126720.0,36116480.0,36145152.0,81061416.0,81061416.0,81061416.0,1000.0,1000.0,1000.0
evaluation,large-sparse,Chronos-M (forced Merkle),7,True,merkle,tree node pairs,4792.5652,4743.40755,4879.165150000001,127.16635,126.572775,129.632575,27.1668,26.880049999999997,28.3224,18.9288,18.75505,20.008850000000002,36134912.0,36126720.0,36136960.0,81061416.0,81061416.0,81061416.0,4169.0,4169.0,4169.0
evaluation,large-sparse,Dolt,7,True,dolt-native,not exposed by Dolt CLI,1704.8316,1688.9095499999999,1792.7273500000001,647.4563499999999,633.880625,650.6182,180.77,174.81615,188.0812,716.0566,692.53385,754.0264,8820783.0,8820472.0,8821173.0,,,,,,
evaluation,large-sparse,Log-only,7,True,operation-log,operations,293.5178,286.3594,299.40279999999996,4.1751,4.1396,4.2561,4.6869,4.6696,4.8340499999999995,99.8402,99.3147,104.18985,5241683.0,5241683.0,5241683.0,25943108.0,25943108.0,25943108.0,1000.0,1000.0,1000.0
evaluation,large-sparse,Snapshot,7,True,full-scan,keys,300.4866,299.01779999999997,303.32624999999996,296.99585,295.03520000000003,299.15405,298.3719,296.78954999999996,303.6132,97.2301,96.31705,97.3579,56100011.0,56100011.0,56100011.0,54064246.0,54064246.0,54064246.0,100010.0,100010.0,100010.0
evaluation,medium-dense,Chronos-H,7,True,merkle,tree node pairs,831.1323,817.4301,838.7356,285.90790000000004,281.5736,296.58105,56.496,54.601699999999994,59.6736,5.6769,4.33075,5.944599999999999,11177984.0,11159552.0,11177984.0,10118495.0,10118495.0,10118495.0,4311.0,4311.0,4311.0
evaluation,medium-dense,Chronos-M (forced Merkle),7,True,merkle,tree node pairs,821.7799,792.7174,858.0826,282.20304999999996,281.385675,288.640575,60.6449,59.10555,61.046,5.1259,4.508649999999999,5.289899999999999,11161600.0,11153408.0,11190272.0,10118495.0,10118495.0,10118495.0,4311.0,4311.0,4311.0
evaluation,medium-dense,Dolt,7,True,dolt-native,not exposed by Dolt CLI,782.3015,771.0086,813.18965,659.4902500000001,650.555975,683.45865,326.0113,308.07804999999996,356.2987,207.364,203.6711,222.39035,5108845.0,5108481.5,5109113.5,,,,,,
evaluation,medium-dense,Log-only,7,True,operation-log,operations,76.742,72.67585,77.4401,27.609450000000002,26.8993,28.956575,91.6638,89.06055,97.49955,92.2895,86.61045,97.38225,1929683.0,1929683.0,1929683.0,5695067.0,5695067.0,5695067.0,10000.0,10000.0,10000.0
evaluation,medium-dense,Snapshot,7,True,full-scan,keys,86.1323,75.70875000000001,92.84395,74.6565,63.9692,81.0718,46.2346,43.9683,56.3829,15.392,14.0196,17.94735,5610011.0,5610011.0,5610011.0,5579670.0,5579670.0,5579670.0,10010.0,10010.0,10010.0
evaluation,medium-sparse,Chronos-H,7,True,log,log operations,1380.0433,1336.617,1401.6562,33.1667,32.921175,33.77925,0.553,0.54815,0.5612999999999999,5.8743,5.7509,6.2671,3055616.0,3043328.0,3061760.0,10118495.0,10118495.0,10118495.0,100.0,100.0,100.0
evaluation,medium-sparse,Chronos-M (forced Merkle),7,True,merkle,tree node pairs,1331.9828,1316.6684,1348.80735,31.147550000000003,30.736325,31.985825,4.8332,4.77905,4.989,5.8228,5.64515,6.12115,3055616.0,3055616.0,3059712.0,10118495.0,10118495.0,10118495.0,1141.0,1141.0,1141.0
evaluation,medium-sparse,Dolt,7,True,dolt-native,not exposed by Dolt CLI,1580.2,1519.5551999999998,1841.2137,1239.8298,1226.0333500000002,1268.2553,306.4708,294.5455,331.0564,522.9265,510.40805,577.3756,967829.0,967283.5,967938.5,,,,,,
evaluation,medium-sparse,Log-only,7,True,operation-log,operations,65.8068,60.96965,72.4657,3.97105,3.7885,4.100625,1.6128,1.5206,1.9506999999999999,16.0861,15.46695,19.12715,523883.0,523883.0,523883.0,2328682.0,2328682.0,2328682.0,100.0,100.0,100.0
evaluation,medium-sparse,Snapshot,7,True,full-scan,keys,58.7511,58.16765,60.09975,58.5002,56.971275000000006,58.696625,41.7525,39.999449999999996,42.266149999999996,15.0284,13.778649999999999,15.95495,5610011.0,5610011.0,5610011.0,5579670.0,5579670.0,5579670.0,10010.0,10010.0,10010.0
evaluation,small-sparse,Chronos-H,7,True,log,log operations,177.335,175.68290000000002,186.77280000000002,19.4738,18.305100000000003,21.656225,0.4167,0.37334999999999996,0.4884,1.769,1.3849,2.0554,737280.0,737280.0,741376.0,1688120.0,1688120.0,1688120.0,100.0,100.0,100.0
evaluation,small-sparse,Chronos-M (forced Merkle),7,True,merkle,tree node pairs,188.8257,177.95065,196.00495,19.7909,18.4481,20.487725,2.4803,2.1271,2.6803,1.381,1.28855,1.4737,749568.0,745472.0,751616.0,1688120.0,1688120.0,1688120.0,635.0,635.0,635.0
evaluation,small-sparse,Dolt,7,True,dolt-native,not exposed by Dolt CLI,871.9114,760.29205,1415.44895,728.2434000000001,700.248375,1185.636625,188.9062,185.55875,242.6096,218.3462,203.95479999999998,281.3177,403791.0,403732.0,403987.5,,,,,,
evaluation,small-sparse,Log-only,7,True,operation-log,operations,8.1446,7.7039,8.444099999999999,3.43485,3.3708,3.6685,1.1801,1.08965,1.45665,2.197,2.0959,2.4981,64883.0,64883.0,64883.0,363514.0,363514.0,363514.0,100.0,100.0,100.0
evaluation,small-sparse,Snapshot,7,True,full-scan,keys,10.0162,7.5017499999999995,10.24265,9.162500000000001,8.198225,9.5461,3.4627,3.1344,4.0519,1.5755,1.31525,1.92465,561011.0,561011.0,561011.0,517567.0,517531.0,517623.0,1010.0,1010.0,1010.0
