phase,scenario,model,trials,all_correct,strategy_selected,work_unit,initial_import_ms_median,initial_import_ms_p25,initial_import_ms_p75,incremental_commit_ms_median,incremental_commit_ms_p25,incremental_commit_ms_p75,diff_ms_median,diff_ms_p25,diff_ms_p75,checkout_ms_median,checkout_ms_p25,checkout_ms_p75,storage_bytes_median,storage_bytes_p25,storage_bytes_p75,logical_payload_bytes_median,logical_payload_bytes_p25,logical_payload_bytes_p75,storage_bytes_per_logical_payload_byte_median,storage_bytes_per_logical_payload_byte_p25,storage_bytes_per_logical_payload_byte_p75,storage_bytes_minus_logical_payload_bytes_median,storage_bytes_minus_logical_payload_bytes_p25,storage_bytes_minus_logical_payload_bytes_p75,storage_bytes_after_compaction_median,storage_bytes_after_compaction_p25,storage_bytes_after_compaction_p75,compaction_ms_median,compaction_ms_p25,compaction_ms_p75,process_tree_peak_rss_bytes_median,process_tree_peak_rss_bytes_p25,process_tree_peak_rss_bytes_p75,process_tree_cpu_seconds_median,process_tree_cpu_seconds_p25,process_tree_cpu_seconds_p75,process_tree_read_bytes_median,process_tree_read_bytes_p25,process_tree_read_bytes_p75,process_tree_write_bytes_median,process_tree_write_bytes_p25,process_tree_write_bytes_p75,commit_operations_per_second_median,commit_operations_per_second_p25,commit_operations_per_second_p75,work_examined_median,work_examined_p25,work_examined_p75
robustness,robust-s1-baseline,Dolt,7,True,dolt-native,not exposed by Dolt CLI,749.6953,652.9244,923.37895,741.9902999999999,710.65465,809.50185,293.6313,278.51935000000003,304.8167,299.7395,281.16315,319.39255,2974719.0,2974597.0,2974782.5,450000.0,450000.0,450000.0,6.610486666666667,6.6102155555555555,6.610627777777777,2524719.0,2524597.0,2524782.5,,,,,,,157175808.0,153632768.0,161763328.0,9.578125,9.1953125,11.015625,71256789.0,71255503.5,71261930.5,5831977.0,5824132.5,5834327.5,1.2953304619224852,1.1922146692544446,1.3843870124826094,,,
robustness,robust-s1-baseline,Revon-H,7,True,log,log operations,164.3003,158.85315,169.0319,30.4724,29.019824999999997,35.51005,6.6873,5.7405,7.1944,11.2889,10.82695,13.5852,4460544.0,4444160.0,4478976.0,450000.0,450000.0,450000.0,9.91232,9.875911111111112,9.95328,4010544.0,3994160.0,4028976.0,,,,,,,53264384.0,53127168.0,53329920.0,0.796875,0.734375,0.828125,12615816.0,11049096.0,12730504.0,34295002.0,34223166.0,34434308.5,30.689494740434387,28.13209599834442,33.20697696588989,1000.0,1000.0,1000.0
robustness,robust-s1-baseline,Revon-M (forced Merkle),7,True,merkle,tree node pairs,166.1519,164.47555,169.23090000000002,31.913,28.7501,32.130025,9.3524,8.796,11.6969,11.8104,11.31765,12.49195,4456448.0,4450304.0,4464640.0,450000.0,450000.0,450000.0,9.903217777777778,9.889564444444446,9.921422222222223,4006448.0,4000304.0,4014640.0,,,,,,,53100544.0,52996096.0,53592064.0,0.796875,0.765625,0.8203125,11001992.0,10913928.0,11053192.0,34231351.0,34166579.5,34388975.0,32.05581301716044,30.191806410222632,33.16253789357024,3774.0,3774.0,3774.0
robustness,robust-s1-history-50,Dolt,7,True,dolt-native,not exposed by Dolt CLI,903.4045,838.90355,942.5572500000001,625.18135,613.871875,644.2536749999999,359.0463,344.9566,366.8002,243.302,238.78945,268.63935000000004,13055095.0,13054959.5,13055181.5,450000.0,450000.0,450000.0,29.011322222222223,29.011021111111113,29.011514444444444,12605095.0,12604959.5,12605181.5,,,,,,,169291776.0,168431616.0,174462976.0,33.015625,31.2265625,33.4140625,1063206116.0,1053379716.5,1065472696.0,27228457.0,27086456.0,27342211.5,1.5635867025306756,1.5273290830344854,1.5984628595808352,,,
robustness,robust-s1-history-50,Revon-H,7,True,merkle,tree node pairs,160.6109,156.51254999999998,162.33925,43.262550000000005,42.0409,43.7588,50.5508,46.31045,52.737449999999995,23.291,22.94965,27.13305,11698176.0,11677696.0,11716608.0,450000.0,450000.0,450000.0,25.995946666666665,25.950435555555558,26.036906666666667,11248176.0,11227696.0,11266608.0,,,,,,,72364032.0,72075264.0,72587264.0,2.5,2.4921875,2.5390625,101229322.0,99239542.0,104948490.0,215277120.0,215014127.0,215979907.5,22.50938191038025,20.760933170796637,24.124983407670744,4309.0,4309.0,4309.0
robustness,robust-s1-history-50,Revon-M (forced Merkle),7,True,merkle,tree node pairs,149.8031,138.9786,157.96519999999998,44.32035,42.1446,47.257275,46.7368,29.7475,47.768100000000004,23.1328,18.68415,23.662,11747328.0,11694080.0,11753472.0,450000.0,450000.0,450000.0,26.105173333333333,25.986844444444444,26.118826666666664,11297328.0,11244080.0,11303472.0,,,,,,,72286208.0,72093696.0,72886272.0,2.71875,2.5390625,2.8828125,98902794.0,98338277.0,105845514.0,215842187.0,215756506.0,216359161.0,19.99715720413186,19.067090645543505,23.22678412133549,4309.0,4309.0,4309.0
robustness,robust-s1-payload-128,Dolt,7,True,dolt-native,not exposed by Dolt CLI,694.5142,619.7163,817.0033000000001,599.7097,593.130625,634.974475,226.1326,218.34875,291.5589,241.5607,229.4187,245.73995000000002,3241951.0,3241943.5,3242268.0,1410000.0,1410000.0,1410000.0,2.299256028368794,2.2992507092198577,2.2994808510638296,1831951.0,1831943.5,1832268.0,,,,,,,155660288.0,154714112.0,170387456.0,8.109375,7.78125,8.6015625,89056283.0,89055155.5,89063054.5,9612189.0,9593003.5,9621617.5,1.591109820261393,1.565875303794018,1.6468837003050107,,,
robustness,robust-s1-payload-128,Revon-H,7,True,log,log operations,162.4837,161.2495,164.26760000000002,37.40435,37.002224999999996,38.101699999999994,6.1727,5.9864,6.61015,14.1405,13.58765,14.158000000000001,7671808.0,7663616.0,7684096.0,1410000.0,1410000.0,1410000.0,5.440998581560284,5.435188652482269,5.449713475177305,6261808.0,6253616.0,6274096.0,,,,,,,56918016.0,56788992.0,57108480.0,0.734375,0.7265625,0.75,22594994.0,22506271.0,22688872.5,47876607.0,47749555.0,48108279.0,26.456706245899213,25.473617779907325,27.041020323693992,1000.0,1000.0,1000.0
robustness,robust-s1-payload-128,Revon-M (forced Merkle),7,True,merkle,tree node pairs,168.5815,165.65865,175.75164999999998,38.383250000000004,37.99395,38.966625,9.6209,9.08915,10.3566,14.8468,14.126349999999999,15.23995,7680000.0,7673856.0,7696384.0,1410000.0,1410000.0,1410000.0,5.446808510638298,5.442451063829788,5.458428368794326,6270000.0,6263856.0,6286384.0,,,,,,,57139200.0,56821760.0,57184256.0,0.765625,0.75,0.7734375,22646924.0,22561567.0,22772511.0,47970956.0,47880734.5,48110346.5,25.597935782458503,25.374056747644453,25.993885115062717,3774.0,3774.0,3774.0
robustness,robust-s1-range-local,Dolt,7,True,dolt-native,not exposed by Dolt CLI,985.9635,810.87085,1003.4422500000001,686.3372999999999,671.848925,699.816925,244.8378,235.19915,260.31260000000003,254.2858,249.8834,274.5316,785014.0,785007.5,785250.5,450000.0,450000.0,450000.0,1.7444755555555556,1.7444611111111112,1.7450011111111112,335014.0,335007.5,335250.5,,,,,,,158371840.0,154478592.0,162494464.0,9.078125,8.7265625,9.234375,28457036.0,28448001.5,28458277.0,3237047.0,3216125.0,3246207.5,1.4013488066344784,1.381816928234675,1.4223321317742648,,,
robustness,robust-s1-range-local,Revon-H,7,True,log,log operations,150.3909,141.77555,158.39315,30.964750000000002,30.379575000000003,32.63915,5.4162,5.3644,6.1584,11.1221,10.8033,12.2147,4481024.0,4470784.0,4489216.0,450000.0,450000.0,450000.0,9.957831111111112,9.935075555555557,9.976035555555555,4031024.0,4020784.0,4039216.0,,,,,,,53325824.0,52793344.0,53401600.0,0.640625,0.6171875,0.7265625,16609424.0,16570512.0,16650384.0,34719245.0,34684358.0,34877617.5,31.983481171644467,30.515088213362496,33.97800411041646,1000.0,1000.0,1000.0
robustness,robust-s1-range-local,Revon-M (forced Merkle),7,True,merkle,tree node pairs,145.125,144.53415,147.6615,30.96395,28.685675,32.085075,9.0585,8.61745,9.1554,10.868,9.835550000000001,11.1489,4501504.0,4487168.0,4505600.0,450000.0,450000.0,450000.0,10.003342222222223,9.971484444444446,10.012444444444444,4051504.0,4037168.0,4055600.0,,,,,,,53047296.0,52932608.0,53123072.0,0.6875,0.65625,0.734375,16519312.0,13901853.0,16685085.0,34766800.0,34717180.0,34806283.0,32.31856278058573,32.11350270308381,35.07495633199879,3618.0,3618.0,3618.0
robustness,robust-s1-repeated-key,Dolt,7,True,dolt-native,not exposed by Dolt CLI,778.3126,710.2436,933.2336,675.01095,655.17085,709.4632750000001,229.2531,218.0452,241.7731,266.1919,251.14690000000002,275.9275,807747.0,807615.5,807916.5,450000.0,450000.0,450000.0,1.7949933333333334,1.794701111111111,1.7953700000000001,357747.0,357615.5,357916.5,,,,,,,153317376.0,150708224.0,154888192.0,9.515625,9.140625,9.78125,28449381.0,28447063.5,28452845.5,3172585.0,3164021.0,3177631.0,1.402199855264931,1.3421206127601963,1.4274424077238952,,,
robustness,robust-s1-repeated-key,Revon-H,7,True,log,log operations,143.0941,141.70094999999998,154.87135,29.14125,28.10285,30.546174999999998,0.9089,0.87695,0.9730000000000001,10.9597,10.81555,11.03415,4472832.0,4468736.0,4476928.0,450000.0,450000.0,450000.0,9.939626666666667,9.930524444444444,9.94872888888889,4022832.0,4018736.0,4026928.0,,,,,,,53075968.0,52678656.0,53164032.0,0.65625,0.625,0.6796875,11149458.0,11112594.0,11350162.0,34538856.0,34499654.0,34670035.5,33.44433508146873,32.591924336518915,34.405886049154795,1000.0,1000.0,1000.0
robustness,robust-s1-repeated-key,Revon-M (forced Merkle),7,True,merkle,tree node pairs,146.8149,141.40245,148.8041,28.871499999999997,27.640025,29.603924999999997,2.1644,2.0540000000000003,2.45245,11.4283,10.7643,13.0332,4481024.0,4476928.0,4493312.0,450000.0,450000.0,450000.0,9.957831111111112,9.948728888888889,9.985137777777776,4031024.0,4026928.0,4043312.0,,,,,,,53018624.0,52690944.0,53049344.0,0.671875,0.6328125,0.6875,11235474.0,11176082.0,11341970.0,34592134.0,34529135.5,34770490.5,33.49993970010854,32.76819074662492,34.03095911406364,1889.0,1889.0,1889.0
robustness,robust-s2-baseline,Dolt,7,True,dolt-native,not exposed by Dolt CLI,780.1738,726.9808,843.744,668.63985,643.6299,683.14735,248.7409,235.61075,265.91925000000003,253.8643,248.5155,262.3107,2944674.0,2944538.5,2944772.5,450000.0,450000.0,450000.0,6.54372,6.543418888888889,6.5439388888888885,2494674.0,2494538.5,2494772.5,,,,,,,153464832.0,151330816.0,154279936.0,8.8125,8.546875,9.21875,70951743.0,70948113.5,70954137.5,5779522.0,5763654.0,5794697.5,1.4266003763514454,1.3828246507680333,1.4468031674303772,,,
robustness,robust-s2-baseline,Revon-H,7,True,log,log operations,144.7625,143.83710000000002,164.56755,28.7666,27.866075000000002,29.172775,6.4204,6.368650000000001,6.553000000000001,11.0342,10.40875,11.61115,4493312.0,4485120.0,4503552.0,450000.0,450000.0,450000.0,9.985137777777778,9.966933333333333,10.007893333333334,4043312.0,4035120.0,4053552.0,,,,,,,52785152.0,52645888.0,53088256.0,0.71875,0.671875,0.7578125,11985032.0,11948168.0,12009608.0,34707442.0,34597863.5,34748180.0,33.74027478754592,32.75070011815838,34.53817943341164,1000.0,1000.0,1000.0
robustness,robust-s2-baseline,Revon-M (forced Merkle),7,True,merkle,tree node pairs,166.012,141.2577,186.1542,29.869500000000002,28.24075,32.055800000000005,9.2558,8.81265,9.6695,11.0366,10.646049999999999,11.36785,4485120.0,4476928.0,4501504.0,450000.0,450000.0,450000.0,9.966933333333333,9.948728888888889,10.003342222222223,4035120.0,4026928.0,4051504.0,,,,,,,52948992.0,52838400.0,53176320.0,0.6875,0.65625,0.7421875,11988898.0,11899016.0,12005512.0,34489666.0,34457370.0,34612908.5,33.49124455139315,31.60629584036032,33.94630254211951,3813.0,3813.0,3813.0
robustness,robust-s2-history-50,Dolt,7,True,dolt-native,not exposed by Dolt CLI,947.2441,922.61545,990.121,628.52815,624.18885,634.5960500000001,353.2348,335.27930000000003,357.3266,243.4089,242.00805,250.08775,12851496.0,12851307.5,12851930.0,450000.0,450000.0,450000.0,28.55888,28.55846111111111,28.559844444444444,12401496.0,12401307.5,12401930.0,,,,,,,174870528.0,168740864.0,176144384.0,32.78125,32.1171875,32.9140625,1033106904.0,1020795079.5,1036013643.5,26775428.0,26522782.5,26956064.5,1.5534934807599474,1.5336275344485797,1.5745208900683663,,,
robustness,robust-s2-history-50,Revon-H,7,True,merkle,tree node pairs,149.984,134.875,183.63785000000001,45.18245,43.7109,48.692025,46.5931,45.1613,58.86985,22.9991,22.5102,28.85785,11599872.0,11579392.0,11638784.0,450000.0,450000.0,450000.0,25.777493333333332,25.73198222222222,25.863964444444445,11149872.0,11129392.0,11188784.0,,,,,,,72421376.0,72126464.0,72648704.0,2.59375,2.5234375,3.5234375,98198282.0,94687083.5,98734858.0,214092724.0,213153903.0,214328447.5,21.79866638374904,16.31551140683082,22.16387417878034,4310.0,4310.0,4310.0
robustness,robust-s2-history-50,Revon-M (forced Merkle),7,True,merkle,tree node pairs,151.6969,147.67365,161.49964999999997,44.65860000000001,42.322449999999996,46.172725,52.089,48.30095,57.65475,26.0318,23.22405,28.82845,11661312.0,11628544.0,11683840.0,450000.0,450000.0,450000.0,25.91402666666667,25.84120888888889,25.964088888888888,11211312.0,11178544.0,11233840.0,,,,,,,72458240.0,72411136.0,72595456.0,2.796875,2.578125,3.15625,96928522.0,95490826.0,110510858.0,214305886.0,213506416.0,215203829.5,19.814340422811867,18.68550541037888,21.2720371591142,4310.0,4310.0,4310.0
robustness,robust-s2-payload-128,Dolt,7,True,dolt-native,not exposed by Dolt CLI,809.7064,780.7387,856.18775,648.31695,637.975925,667.275275,242.3379,233.8082,247.73305,263.8755,256.32205,266.582,3289213.0,3289087.5,3289298.5,1410000.0,1410000.0,1410000.0,2.3327751773049648,2.332686170212766,2.332835815602837,1879213.0,1879087.5,1879298.5,,,,,,,154943488.0,153700352.0,158863360.0,8.984375,8.859375,9.0,89731527.0,89729695.0,89734570.0,9668441.0,9635151.0,9675015.0,1.3988933270955748,1.3982213472557694,1.454546351077872,,,
robustness,robust-s2-payload-128,Revon-H,7,True,log,log operations,165.9036,160.998,176.26364999999998,38.9025,37.1871,40.319500000000005,6.6948,6.48265,7.2402,14.2508,13.581399999999999,15.337150000000001,7663616.0,7655424.0,7669760.0,1410000.0,1410000.0,1410000.0,5.435188652482269,5.429378723404255,5.43954609929078,6253616.0,6245424.0,6259760.0,,,,,,,56971264.0,56801280.0,57194496.0,0.734375,0.71875,0.7890625,24330380.0,24244364.0,24432780.0,47585561.0,47489173.0,47731086.5,25.439285583455103,21.887160010290913,26.55256815210103,1000.0,1000.0,1000.0
robustness,robust-s2-payload-128,Revon-M (forced Merkle),7,True,merkle,tree node pairs,165.8699,162.6063,180.04645,37.77485,37.316725,39.797725,9.813,9.2659,9.9528,15.5459,15.163350000000001,15.814049999999998,7655424.0,7641088.0,7688192.0,1410000.0,1410000.0,1410000.0,5.429378723404255,5.419211347517731,5.452618439716312,6245424.0,6231088.0,6278192.0,,,,,,,57032704.0,56911872.0,57214976.0,0.75,0.703125,0.8046875,24187020.0,24145945.0,24489064.5,47425675.0,47403102.5,47502735.0,25.872993614027717,24.932024716785303,26.66485209319145,3813.0,3813.0,3813.0
robustness,robust-s2-range-local,Dolt,7,True,dolt-native,not exposed by Dolt CLI,792.1587,761.8206,817.5187,681.5584,654.4597249999999,701.6223,255.5467,236.6627,266.88620000000003,251.5932,248.28904999999997,260.8929,738655.0,738454.5,738668.0,450000.0,450000.0,450000.0,1.6414555555555554,1.64101,1.6414844444444445,288655.0,288454.5,288668.0,,,,,,,154591232.0,152932352.0,162535424.0,9.046875,8.640625,9.3046875,27451440.0,27449161.0,27454324.0,3197027.0,3171443.0,3212125.5,1.3823942088962984,1.350421775679917,1.441098952769166,,,
robustness,robust-s2-range-local,Revon-H,7,True,log,log operations,159.2318,152.93259999999998,166.92685,29.6839,27.987025000000003,30.981450000000002,5.6015,5.5758,5.7822499999999994,10.8529,10.333950000000002,11.085049999999999,4448256.0,4442112.0,4456448.0,450000.0,450000.0,450000.0,9.885013333333333,9.87136,9.903217777777778,3998256.0,3992112.0,4006448.0,,,,,,,53161984.0,53047296.0,53370880.0,0.703125,0.6640625,0.7109375,16732304.0,15022224.0,16920720.0,34260061.0,34210874.0,34353407.0,31.98719488614318,30.587451385000342,34.12200563971332,1000.0,1000.0,1000.0
robustness,robust-s2-range-local,Revon-M (forced Merkle),7,True,merkle,tree node pairs,142.9656,140.8581,148.69785000000002,30.98955,29.302825,31.916875000000005,9.3444,8.87145,9.529399999999999,11.1481,10.80485,11.4337,4476928.0,4460544.0,4491264.0,450000.0,450000.0,450000.0,9.948728888888889,9.912320000000001,9.980586666666667,4026928.0,4010544.0,4041264.0,,,,,,,52965376.0,52770816.0,53284864.0,0.671875,0.6640625,0.6875,16842896.0,16777360.0,17653789.0,34128376.0,34054094.0,34419915.0,31.909448643018784,30.982394833254304,33.620236413472256,3720.0,3720.0,3720.0
robustness,robust-s2-repeated-key,Dolt,7,True,dolt-native,not exposed by Dolt CLI,806.2526,758.9234,811.9446499999999,635.2263,615.7747999999999,642.8515749999999,203.8551,198.9178,208.94845,236.2612,235.8573,243.43824999999998,804276.0,804253.5,804282.0,450000.0,450000.0,450000.0,1.78728,1.78723,1.7872933333333334,354276.0,354253.5,354282.0,,,,,,,158720000.0,154781696.0,161380352.0,8.375,8.359375,8.640625,28417400.0,28413863.5,28421204.0,3153185.0,3127891.0,3177252.0,1.5047190472106955,1.4535712366044908,1.542854719795882,,,
robustness,robust-s2-repeated-key,Revon-H,7,True,log,log operations,151.6296,145.31835,154.4718,29.583599999999997,28.282725,31.566100000000002,0.8634,0.8611,0.875,9.936,9.722999999999999,10.38025,4464640.0,4448256.0,4470784.0,450000.0,450000.0,450000.0,9.921422222222223,9.885013333333333,9.935075555555557,4014640.0,3998256.0,4020784.0,,,,,,,52486144.0,52365312.0,52838400.0,0.65625,0.625,0.8203125,17068178.0,16873618.0,21498002.0,34218525.0,34155270.0,34274155.0,28.81309635906189,26.049538312472897,32.58252030323051,1000.0,1000.0,1000.0
robustness,robust-s2-repeated-key,Revon-M (forced Merkle),7,True,merkle,tree node pairs,146.173,139.04595,150.18905,30.83725,29.999650000000003,31.456300000000002,2.1056,1.9884,2.14565,10.1727,9.99535,12.10165,4468736.0,4458496.0,4472832.0,450000.0,450000.0,450000.0,9.930524444444444,9.907768888888889,9.939626666666665,4018736.0,4008496.0,4022832.0,,,,,,,53100544.0,52983808.0,53227520.0,0.6875,0.6484375,0.765625,16838802.0,16793746.0,17651858.0,34193935.0,34111963.0,34339729.5,32.72923886191272,31.100933756527294,33.57620317822017,1881.0,1881.0,1881.0
robustness,robust-s3-baseline,Dolt,7,True,dolt-native,not exposed by Dolt CLI,777.2655,714.04045,890.76335,656.2005999999999,631.840875,685.49835,237.5484,230.7744,247.21275,243.6297,238.48555,273.36605,2981466.0,2981442.0,2981744.0,450000.0,450000.0,450000.0,6.62548,6.625426666666667,6.626097777777778,2531466.0,2531442.0,2531744.0,,,,,,,153284608.0,152588288.0,153581568.0,8.828125,8.6171875,8.9296875,71426535.0,71424917.5,71433542.0,5807525.0,5790564.5,5818026.0,1.4775424190608173,1.43475702403215,1.4949101965599896,,,
robustness,robust-s3-baseline,Revon-H,7,True,log,log operations,140.7497,132.6562,144.3687,29.16835,27.913425,29.682425000000002,5.7221,5.58115,6.18765,10.1404,9.9804,10.60115,4497408.0,4472832.0,4509696.0,450000.0,450000.0,450000.0,9.99424,9.939626666666667,10.021546666666667,4047408.0,4022832.0,4059696.0,,,,,,,52846592.0,52692992.0,53053440.0,0.640625,0.625,0.6953125,10858632.0,9509000.0,11092835.0,35195845.0,35148197.0,35274569.0,33.502633306977934,33.2774917421722,34.68016271472067,1000.0,1000.0,1000.0
robustness,robust-s3-baseline,Revon-M (forced Merkle),7,True,merkle,tree node pairs,145.6443,142.16525000000001,151.83695,29.1609,28.248525,29.469825,9.0337,8.6536,9.2233,10.6444,9.87425,10.8124,4485120.0,4478976.0,4501504.0,450000.0,450000.0,450000.0,9.966933333333333,9.95328,10.003342222222223,4035120.0,4028976.0,4051504.0,,,,,,,53100544.0,52807680.0,53311488.0,0.65625,0.625,0.6796875,10936456.0,10844296.0,10985608.0,35170780.0,35066208.5,35251211.0,33.78176372561506,33.70855621431865,34.48675646994361,3814.0,3814.0,3814.0
robustness,robust-s3-history-50,Dolt,7,True,dolt-native,not exposed by Dolt CLI,911.8593,881.31315,977.0742,656.828,616.735,733.027,354.1109,351.28715,449.36125000000004,238.5261,228.635,291.13390000000004,12943157.0,12942543.5,12943217.0,450000.0,450000.0,450000.0,28.76257111111111,28.761207777777777,28.762704444444445,12493157.0,12492543.5,12493217.0,,,,,,,168181760.0,167331840.0,168339456.0,33.3125,31.5546875,38.328125,1045722608.0,1042057561.0,1055640683.5,26866139.0,26614543.0,26911250.5,1.4902499265962497,1.3309095114026472,1.5812051704585255,,,
robustness,robust-s3-history-50,Revon-H,7,True,merkle,tree node pairs,154.3377,141.15205,173.461,44.846999999999994,43.2282,50.20275,47.0025,45.35295,57.880849999999995,23.5764,22.44745,28.5396,11694080.0,11669504.0,11761664.0,450000.0,450000.0,450000.0,25.986844444444444,25.93223111111111,26.137031111111114,11244080.0,11219504.0,11311664.0,,,,,,,72445952.0,72114176.0,72652800.0,2.734375,2.5625,3.7578125,106365706.0,100165093.0,106801344.0,215569191.0,215419222.5,215871437.0,21.130581627288915,16.488031840954008,21.479392870142064,4315.0,4315.0,4315.0
robustness,robust-s3-history-50,Revon-M (forced Merkle),7,True,merkle,tree node pairs,168.8161,150.8127,209.3591,43.663,42.82795,72.859075,48.5481,45.91315,60.99445,22.8786,21.768749999999997,30.634549999999997,11706368.0,11702272.0,11732992.0,450000.0,450000.0,450000.0,26.01415111111111,26.00504888888889,26.073315555555556,11256368.0,11252272.0,11282992.0,,,,,,,71823360.0,71774208.0,72185856.0,2.734375,2.6953125,4.515625,99349258.0,98561509.0,106057189.0,216097580.0,215759046.5,216370724.5,20.627885609133003,14.201300324230695,21.087422396746867,4315.0,4315.0,4315.0
robustness,robust-s3-payload-128,Dolt,7,True,dolt-native,not exposed by Dolt CLI,720.1371,710.88365,801.79075,657.70965,644.5373,672.5855750000001,250.3604,237.84834999999998,262.73125,280.6792,268.81225,308.61990000000003,3268846.0,3268662.0,3268967.5,1410000.0,1410000.0,1410000.0,2.3183304964539007,2.3182,2.318416666666667,1858846.0,1858662.0,1858967.5,,,,,,,155426816.0,153262080.0,166070272.0,8.640625,8.453125,9.234375,88955400.0,88947502.5,88965341.5,9630015.0,9614915.5,9645025.0,1.408578944426715,1.3891205292031197,1.4572097184985955,,,
robustness,robust-s3-payload-128,Revon-H,7,True,log,log operations,171.2361,167.06105000000002,177.4475,38.2093,37.489050000000006,39.2295,6.3757,6.10785,6.86555,14.647,14.4393,15.8519,7643136.0,7639040.0,7655424.0,1410000.0,1410000.0,1410000.0,5.420663829787234,5.417758865248227,5.429378723404255,6233136.0,6229040.0,6245424.0,,,,,,,56897536.0,56729600.0,57012224.0,0.75,0.7265625,0.7734375,24871711.0,24843698.0,25033503.0,47532233.0,47450253.5,47554813.5,25.723446200955678,25.2599530632365,26.279063322529442,1000.0,1000.0,1000.0
robustness,robust-s3-payload-128,Revon-M (forced Merkle),7,True,merkle,tree node pairs,175.4906,171.43495000000001,180.51145,38.03965,37.618125,39.325625,9.5492,9.251,9.9742,14.523,13.610399999999998,14.52995,7639040.0,7636992.0,7653376.0,1410000.0,1410000.0,1410000.0,5.417758865248227,5.416306382978723,5.4279262411347515,6229040.0,6226992.0,6243376.0,,,,,,,56864768.0,56721408.0,57059328.0,0.78125,0.7578125,0.8125,24994591.0,24912671.0,26250015.0,47526786.0,47469970.5,47581446.5,24.752855118073594,20.130092448859955,25.654273198553973,3814.0,3814.0,3814.0
robustness,robust-s3-range-local,Dolt,7,True,dolt-native,not exposed by Dolt CLI,697.8596,680.9781,789.8018,623.7130999999999,611.7298000000001,638.6790249999999,241.6816,231.4567,246.18824999999998,235.5107,231.91325,236.82420000000002,764099.0,764072.5,764111.0,450000.0,450000.0,450000.0,1.6979977777777777,1.6979388888888889,1.6980244444444446,314099.0,314072.5,314111.0,,,,,,,162603008.0,157812736.0,165791744.0,8.296875,8.1640625,8.421875,27972667.0,27966571.5,27976161.5,3236719.0,3225028.5,3241342.0,1.5226430574160985,1.4706571920003828,1.5506207096425042,,,
robustness,robust-s3-range-local,Revon-H,7,True,log,log operations,139.4063,137.30110000000002,142.27535,27.023850000000003,25.677975,28.2254,5.6736,5.54355,6.523899999999999,10.2798,9.925,11.395600000000002,4464640.0,4460544.0,4472832.0,450000.0,450000.0,450000.0,9.921422222222223,9.91232,9.939626666666665,4014640.0,4010544.0,4022832.0,,,,,,,53026816.0,52779008.0,53166080.0,0.671875,0.6484375,0.6796875,9093264.0,9072784.0,10666013.0,34682376.0,34553207.5,34739311.5,34.69103642593516,33.52611512656843,36.81153080046181,1000.0,1000.0,1000.0
robustness,robust-s3-range-local,Revon-M (forced Merkle),7,True,merkle,tree node pairs,142.1576,139.7575,145.0946,27.8959,26.892875,28.958675,9.0556,8.707450000000001,9.4939,10.9204,10.139199999999999,11.1222,4464640.0,4460544.0,4466688.0,450000.0,450000.0,450000.0,9.921422222222223,9.91232,9.925973333333333,4014640.0,4010544.0,4016688.0,,,,,,,52670464.0,52606976.0,53190656.0,0.671875,0.6328125,0.6875,10969232.0,9158800.0,12837008.0,34698778.0,34612938.5,34792359.0,33.879022752812894,32.304309153600755,34.813512344589554,3792.0,3792.0,3792.0
robustness,robust-s3-repeated-key,Dolt,7,True,dolt-native,not exposed by Dolt CLI,832.0339,751.393,849.4912999999999,654.1093000000001,646.376375,704.964525,215.1356,202.61235,234.6079,241.9537,240.31215,245.2522,804410.0,804301.5,804511.5,450000.0,450000.0,450000.0,1.7875777777777777,1.7873366666666666,1.7878033333333332,354410.0,354301.5,354511.5,,,,,,,161681408.0,153057280.0,163667968.0,8.828125,8.7421875,9.015625,28415626.0,28411894.5,28418699.5,3141489.0,3128341.0,3157934.5,1.4430536261527727,1.3921835388221773,1.4451005222925355,,,
robustness,robust-s3-repeated-key,Revon-H,7,True,log,log operations,150.5368,140.4973,160.3906,27.37055,26.804075,30.1353,0.919,0.90225,1.01095,11.0949,10.5885,11.2807,4493312.0,4483072.0,4499456.0,450000.0,450000.0,450000.0,9.985137777777778,9.962382222222223,9.99879111111111,4043312.0,4033072.0,4049456.0,,,,,,,52678656.0,52549632.0,52846592.0,0.6875,0.6484375,0.7265625,9445522.0,9330834.0,11135853.0,34252370.0,34138284.0,34323588.5,34.2169518991777,33.14849292569352,36.121865866342716,1000.0,1000.0,1000.0
robustness,robust-s3-repeated-key,Revon-M (forced Merkle),7,True,merkle,tree node pairs,138.4641,136.97834999999998,143.10014999999999,28.3061,27.3399,29.36725,2.0995,1.9663499999999998,2.14675,10.7333,10.3895,10.78495,4501504.0,4489216.0,4505600.0,450000.0,450000.0,450000.0,10.003342222222223,9.976035555555555,10.012444444444444,4051504.0,4039216.0,4055600.0,,,,,,,52756480.0,52674560.0,52942848.0,0.640625,0.6171875,0.6796875,11288722.0,9306143.0,12804242.0,34423549.0,34395865.5,34488804.5,32.101162318885244,30.481467580590383,34.307739629652964,1875.0,1875.0,1875.0
